time_s,V,I,V_smooth,temperature_c,soc_true
0.0,3.3875,-3.006,3.3875,26.12,0.0
5.0,3.395,-3.012,3.3912500000000003,26.12,0.16779543344365389
10.0,3.41,-3.009,3.3975000000000004,26.09,0.3356745136637004
15.0,3.425,-3.008,3.404375,26.12,0.5034420648485567
20.0,3.4299999999999997,-3.012,3.4095,26.06,0.6712932628098056
25.0,3.4425,-3.012,3.4149999999999996,26.06,0.8392559898062448
30.0,3.45125,-3.01,3.420178571428571,26.06,1.007162952285089
35.0,3.46,-3.012,3.4251562499999997,26.06,1.1750699147639332
40.0,3.4662500000000005,-3.014,3.4297222222222223,26.06,1.3430884062779676
45.0,3.475,-3.0119999999999996,3.43425,26.0,1.5111068977920017
50.0,3.4800000000000004,-3.01,3.4384090909090914,26.0,1.679013860270846
55.0,3.4875000000000003,-3.0119999999999996,3.4425000000000003,26.0,1.84692082274969
60.0,3.495,-3.013,3.451458333333333,25.97,2.0149114320049266
65.0,3.5,-3.012,3.4602083333333336,26.0,2.1829020412601636
70.0,3.505,-3.0149999999999997,3.468125,25.94,2.350948415032995
75.0,3.5124999999999997,-3.016,3.4754166666666673,25.94,2.5191063178410174
80.0,3.515,-3.014,3.4825000000000004,25.94,2.687236338390241
85.0,3.5212499999999993,-3.018,3.4890625000000006,25.94,2.855422123457061
90.0,3.5300000000000002,-3.0149999999999997,3.4956250000000004,25.94,3.0236357907826776
95.0,3.5324999999999998,-3.014,3.501666666666667,25.94,3.1917379290731045
100.0,3.53875,-3.017,3.507708333333333,25.94,3.359895831881126
105.0,3.54125,-3.0205,3.5132291666666666,25.905,3.528234969371333
110.0,3.545,-3.02,3.518645833333333,25.87,3.696657753637931
115.0,3.5475000000000003,-3.019,3.523645833333333,25.905,3.8650387145163343
120.0,3.5500000000000003,-3.017,3.5282291666666663,25.87,4.033336028618343
125.0,3.555,-3.02,3.5328125000000004,25.87,4.2016612249791505
130.0,3.5562500000000004,-3.0215,3.537083333333334,25.87,4.370111891504546
135.0,3.5575,-3.02,3.540833333333334,25.87,4.538562558029943
140.0,3.5575,-3.02,3.544375000000001,25.87,4.706971401167142
145.0,3.5625,-3.018,3.547812500000001,25.87,4.875324479786748
150.0,3.565,-3.024,3.550729166666668,25.87,5.043789087441543
155.0,3.5675,-3.025,3.5536458333333343,25.87,5.212448870907922
160.0,3.5675,-3.023,3.5560416666666677,25.87,5.381080772115502
165.0,3.5675,-3.0235000000000003,3.558229166666667,25.905,5.549670849934885
170.0,3.57,-3.023,3.5603124999999998,25.94,5.718260927754269
175.0,3.5725000000000002,-3.023,3.5623958333333334,25.94,5.886837064444254
180.0,3.575,-3.028,3.564479166666666,25.94,6.055552612428229
185.0,3.575,-3.023,3.5661458333333313,25.94,6.224268160412202
190.0,3.5775,-3.02,3.567916666666663,25.94,6.392760650325795
195.0,3.5775,-3.026,3.5695833333333282,25.94,6.5613367870157795
200.0,3.58,-3.025,3.5714583333333287,25.94,6.730052334999753
205.0,3.5825,-3.025,3.573124999999996,25.94,6.898740000724929
210.0,3.58375,-3.026,3.5746874999999974,26.0,7.067455548708902
215.0,3.5875,-3.031,3.5763541666666647,26.0,7.2363383902456615
220.0,3.5875,-3.027,3.578020833333332,26.0,7.405249114041217
225.0,3.5875,-3.026,3.5796875,26.0,7.574020426542785
230.0,3.5875,-3.025,3.581145833333334,26.0,7.7427359745267585
235.0,3.59,-3.023,3.5826041666666675,26.06,7.911367875734339
240.0,3.59375,-3.028,3.5841666666666683,26.06,8.080083423718312
245.0,3.595,-3.027,3.5858333333333356,26.06,8.248910500737477
250.0,3.5974999999999997,-3.029,3.5875000000000035,26.06,8.417765460015438
255.0,3.5974999999999997,-3.032,3.589166666666671,26.06,8.586759830587386
260.0,3.5999999999999996,-3.031,3.590833333333336,26.06,8.755809965676931
265.0,3.5999999999999996,-3.029,3.592291666666668,26.12,8.92477645399008
270.0,3.6025,-3.029,3.5938541666666666,26.12,9.093687177785636
275.0,3.6049999999999995,-3.033,3.5953124999999986,26.12,9.262709430616383
280.0,3.6075,-3.029,3.5969791666666637,26.12,9.431731683447127
285.0,3.6075,-3.027,3.598645833333329,26.155,9.600586642725089
290.0,3.6100000000000003,-3.029,3.6005208333333294,26.19,9.769441602003049
295.0,3.6100000000000003,-3.031,3.602187499999997,26.19,9.9384080903162
300.0,3.6125,-3.032,3.603749999999998,26.19,10.107458225405743
305.0,3.615,-3.031,3.6054166666666654,26.25,10.276508360495287
310.0,3.6174999999999997,-3.031,3.607083333333333,26.25,10.445530613326033
315.0,3.6174999999999997,-3.032,3.6087500000000006,26.25,10.614580748415577
320.0,3.62,-3.033,3.610416666666668,26.25,10.783686648022716
325.0,3.62,-3.033,3.6120833333333358,26.31,10.952820429888652
330.0,3.62,-3.032,3.61354166666667,26.31,11.12192632949579
335.0,3.6224999999999996,-3.031,3.615000000000004,26.31,11.290976464585336
340.0,3.625,-3.029,3.616458333333339,26.31,11.459942952898487
345.0,3.6274999999999995,-3.0300000000000002,3.6181250000000063,26.37,11.62888155895284
350.0,3.63,-3.029,3.6197916666666714,26.37,11.797820165007195
355.0,3.63,-3.031,3.6214583333333388,26.37,11.966786653320346
360.0,3.63,-3.029,3.622916666666671,26.44,12.135753141633499
365.0,3.63,-3.031,3.6241666666666696,26.44,12.30471962994665
370.0,3.6325000000000003,-3.035,3.6254166666666685,26.44,12.473853411812588
375.0,3.6362500000000004,-3.0330000000000004,3.6269791666666698,26.5,12.64304295819612
380.0,3.6375,-3.033,3.6284375000000018,26.5,12.812176740062053
385.0,3.64,-3.031,3.630104166666667,26.5,12.981254757410396
390.0,3.64,-3.032,3.631770833333332,26.56,13.150304892499939
395.0,3.64,-3.035,3.633229166666664,26.56,13.319466556624674
400.0,3.6425,-3.033,3.634687499999996,26.56,13.488656103008207
405.0,3.64375,-3.033,3.6360416666666637,26.56,13.657789884874141
410.0,3.645,-3.037,3.6372916666666626,26.62,13.827035195775267
415.0,3.6475,-3.031,3.6387499999999924,26.62,13.9962247421588
420.0,3.6487499999999997,-3.0309999999999997,3.640312499999993,26.62,14.165246994989547
425.0,3.65,-3.032,3.6419791666666583,26.62,14.33429713007909
430.0,3.65,-3.037,3.6434374999999903,26.69,14.503514558721417
435.0,3.6525000000000003,-3.037,3.6447916666666536,26.69,14.672871398657733
440.0,3.6525000000000003,-3.035,3.6460416666666524,26.69,14.842172474076456
445.0,3.6550000000000002,-3.033,3.6472916666666513,26.75,15.01136202045999
450.0,3.6587500000000004,-3.034,3.648854166666652,26.75,15.180523684584724
455.0,3.66,-3.035,3.650520833333322,26.75,15.34974111322705
460.0,3.66,-3.037,3.6519791666666586,26.75,15.519042188645773
465.0,3.66,-3.033,3.6533333333333267,26.75,15.688287499546899
470.0,3.6625,-3.036,3.654791666666663,26.81,15.857504928189226
475.0,3.6625,-3.037,3.656041666666667,26.81,16.026833885866747
480.0,3.66625,-3.035,3.657499999999999,26.81,16.196134961285466
485.0,3.6675,-3.034,3.6589583333333358,26.87,16.365352389927796
490.0,3.67,-3.037,3.6606250000000053,26.87,16.534625583087717
495.0,3.66875,-3.032,3.6619791666666734,26.87,16.703843011730047
500.0,3.67,-3.035,3.66343750000001,26.87,16.87300467585478
505.0,3.6725,-3.031,3.664895833333347,26.87,17.042138457720714
510.0,3.67375,-3.036,3.6661458333333456,26.94,17.21130012184545
515.0,3.6775,-3.037,3.6676041666666777,26.94,17.38062907952297
520.0,3.68,-3.035,3.669270833333343,26.94,17.54993015494169
525.0,3.68,-3.037,3.670937500000008,26.94,17.719231230360414
530.0,3.68,-3.035,3.67239583333334,27.0,17.888532305779133
535.0,3.68,-3.033,3.673854166666672,27.0,18.05772185216267
540.0,3.6824999999999997,-3.036,3.6752083333333396,27.0,18.226939280804995
545.0,3.6849999999999996,-3.034,3.6766666666666716,27.06,18.39618459170612
550.0,3.6875,-3.037,3.6781250000000036,27.06,18.565457784866044
555.0,3.6900000000000004,-3.035,3.679895833333338,27.06,18.734758860284767
560.0,3.6900000000000004,-3.035,3.681562500000003,27.06,18.904004171185893
565.0,3.6900000000000004,-3.039,3.683020833333335,27.06,19.07336101112221
570.0,3.69125,-3.034,3.6844791666666716,27.12,19.242689968799727
575.0,3.6925,-3.036,3.6857291666666705,27.12,19.411935279700852
580.0,3.6950000000000003,-3.035,3.6869791666666694,27.12,19.581208472860776
585.0,3.7,-3.039,3.6886458333333345,27.12,19.750565312797093
590.0,3.7,-3.037,3.6903124999999997,27.19,19.919977917251007
595.0,3.7,-3.033,3.691979166666665,27.19,20.089223228152132
600.0,3.7,-3.037,3.693437499999997,27.19,20.258468539053258
605.0,3.70125,-3.0380000000000003,3.694791666666665,27.19,20.427853261248373
610.0,3.7024999999999997,-3.039,3.696041666666664,27.25,20.597293747961082
615.0,3.7075000000000005,-3.037,3.697499999999996,27.25,20.766706352414992
620.0,3.7075000000000005,-3.0380000000000003,3.698958333333328,27.25,20.936091074610108
625.0,3.7075000000000005,-3.039,3.70041666666666,27.25,21.105531561322817
630.0,3.7075000000000005,-3.039,3.7017708333333226,27.25,21.274999930294324
635.0,3.7100000000000004,-3.0380000000000003,3.7032291666666546,27.31,21.444440417007034
640.0,3.7100000000000004,-3.035,3.7044791666666534,27.31,21.61376937468455
645.0,3.7125,-3.039,3.705520833333319,27.31,21.783126214620868
650.0,3.71375,-3.035,3.706666666666654,27.31,21.952483054557185
655.0,3.7175000000000002,-3.033,3.708124999999986,27.31,22.121672600940716
660.0,3.7175000000000002,-3.041,3.709583333333318,27.31,22.291029440877033
665.0,3.7175000000000002,-3.0389999999999997,3.710937499999981,27.37,22.460553574366134
670.0,3.7175000000000002,-3.037,3.7121874999999798,27.37,22.629966178820048
675.0,3.72,-3.041,3.7132291666666504,27.37,22.799434547791556
680.0,3.72,-3.036,3.714270833333321,27.405,22.96887503450426
685.0,3.7225,-3.041,3.7155208333333243,27.44,23.138315521216974
690.0,3.725,-3.041,3.716979166666661,27.44,23.30789541922367
695.0,3.7275,-3.0389999999999997,3.718437499999998,27.44,23.47741955271277
700.0,3.7275,-3.039,3.7198958333333345,27.44,23.64688792168428
705.0,3.7275,-3.037,3.7211458333333334,27.5,23.81630052613819
710.0,3.7275,-3.036,3.7222916666666634,27.47,23.985629483815707
715.0,3.7275,-3.039,3.723124999999996,27.5,24.155014206010822
720.0,3.73,-3.035,3.7241666666666666,27.5,24.32437104594714
725.0,3.73125,-3.0380000000000003,3.725312500000006,27.5,24.493700003624657
730.0,3.7325000000000004,-3.039,3.726562500000005,27.56,24.66314049033737
735.0,3.7350000000000003,-3.037,3.7278125000000037,27.56,24.83255309479128
740.0,3.7375000000000003,-3.04,3.729270833333331,27.56,25.00199358150399
745.0,3.7375000000000003,-3.035,3.730520833333325,27.56,25.171378303699104
750.0,3.7375000000000003,-3.033,3.731562499999986,27.56,25.340567850082635
755.0,3.7375000000000003,-3.039,3.732395833333314,27.56,25.509868925501355
760.0,3.7375000000000003,-3.039,3.7332291666666415,27.62,25.679337294472866
765.0,3.74,-3.037,3.734270833333312,27.62,25.848749898926776
770.0,3.74,-3.037,3.7353124999999827,27.62,26.018106738863096
775.0,3.7425,-3.037,3.7365624999999816,27.62,26.18746357879941
780.0,3.745,-3.041,3.7378124999999804,27.62,26.356931947770917
785.0,3.74625,-3.04,3.7390624999999793,27.69,26.526483963518814
790.0,3.7475,-3.037,3.740312499999978,27.69,26.69592445023153
795.0,3.7475,-3.041,3.741354166666639,27.69,26.86539281920303
800.0,3.7475,-3.037,3.7421874999999716,27.69,27.034861188174542
805.0,3.7475,-3.039,3.743020833333304,27.69,27.20427379262846
810.0,3.75,-3.039,3.7440624999999748,27.75,27.373742161599964
815.0,3.7487500000000002,-3.043,3.744999999999976,27.75,27.543322059606663
820.0,3.7512499999999998,-3.0410000000000004,3.7461458333333155,27.75,27.712957722130955
825.0,3.7525,-3.039,3.747187499999986,27.75,27.882481855620057
830.0,3.75375,-3.0389999999999997,3.7483333333333158,27.75,28.05195022459156
835.0,3.7575,-3.037,3.7495833333333244,27.78,28.221362829045475
840.0,3.7575,-3.045,3.7506249999999945,27.81,28.39094272705217
845.0,3.7575,-3.039,3.7515624999999964,27.81,28.560578389576463
850.0,3.7575,-3.04,3.7523958333333383,27.81,28.73007464080677
855.0,3.7575,-3.041,3.75322916666668,27.87,28.899626656554666
860.0,3.7575,-3.037,3.7540625000000225,27.87,29.069095025526178
865.0,3.76,-3.039,3.7551041666666927,27.87,29.238507629980088
870.0,3.7624999999999997,-3.041,3.7561458333333633,27.87,29.40803176346919
875.0,3.7649999999999997,-3.0410000000000004,3.757500000000031,27.87,29.577611661475885
880.0,3.7649999999999997,-3.0380000000000003,3.758645833333361,27.94,29.747107912706195
885.0,3.7675,-3.045,3.75989583333336,27.94,29.916715692971685
890.0,3.7675,-3.041,3.7610416666666993,27.94,30.086407120013575
895.0,3.76875,-3.0389999999999997,3.7619791666666913,27.94,30.255931253502677
900.0,3.77,-3.043,3.763020833333352,27.94,30.425511151509372
905.0,3.77,-3.0389999999999997,3.7640625000000134,27.97,30.595091049516064
910.0,3.77,-3.0389999999999997,3.7651041666666742,28.0,30.764559418487575
915.0,3.77,-3.039,3.766145833333335,28.0,30.934027787459083
920.0,3.7724999999999995,-3.04,3.767395833333334,28.0,31.10352403868939
925.0,3.775,-3.042,3.768645833333333,28.0,31.27310393669609
930.0,3.7775,-3.037,3.7698958333333317,28.06,31.442600187926395
935.0,3.7775,-3.04,3.7709375000000023,28.06,31.612040674639108
940.0,3.7800000000000002,-3.0410000000000004,3.772187500000001,28.06,31.781592690387008
945.0,3.7800000000000002,-3.041,3.773229166666662,28.12,31.9511725883937
950.0,3.7800000000000002,-3.041,3.7742708333333232,28.09,32.12075248640039
955.0,3.7800000000000002,-3.0380000000000003,3.7752083333333246,28.12,32.290248737630705
960.0,3.7824999999999998,-3.037,3.776249999999995,28.12,32.45963345982582
965.0,3.7824999999999998,-3.041,3.7772916666666654,28.12,32.629101828797324
970.0,3.785,-3.042,3.7785416666666642,28.12,32.79870960906282
975.0,3.7874999999999996,-3.037,3.780000000000001,28.12,32.968205860293125
980.0,3.7874999999999996,-3.041,3.78125,28.12,33.13767422926463
985.0,3.7874999999999996,-3.041,3.7822916666666706,28.12,33.30725412727133
990.0,3.79,-3.041,3.7833333333333314,28.12,33.47683402527803
995.0,3.79,-3.041,3.7843749999999923,28.19,33.646413923284726
1000.0,3.79,-3.041,3.785208333333325,28.19,33.81599382129142
1005.0,3.7924999999999995,-3.041,3.7862499999999955,28.19,33.98557371929812
1010.0,3.795,-3.043,3.7874999999999943,28.19,34.15520938182241
1015.0,3.79625,-3.04,3.788854166666662,28.25,34.3248171620879
1020.0,3.8000000000000003,-3.039,3.7903124999999895,28.25,34.49431341331821
1025.0,3.8000000000000003,-3.043,3.7917708333333167,28.25,34.663893311324905
1030.0,3.8000000000000003,-3.04,3.7930208333333155,28.25,34.8335010915904
1035.0,3.8000000000000003,-3.041,3.7940624999999764,28.31,35.0030531073383
1040.0,3.8000000000000003,-3.039,3.7951041666666376,28.31,35.1725772408274
1045.0,3.8024999999999998,-3.0389999999999997,3.7963541666666365,28.31,35.34204560979891
1050.0,3.8024999999999998,-3.037,3.7973958333333067,28.31,35.51145821425282
1055.0,3.8024999999999998,-3.041,3.7984374999999773,28.31,35.680926583224334
1060.0,3.81,-3.037,3.8001041666666424,28.31,35.850394952195835
1065.0,3.81,-3.039,3.8015624999999695,28.37,36.01980755664975
1070.0,3.81,-3.039,3.8028124999999684,28.37,36.18927592562126
1075.0,3.81,-3.044,3.8039583333332985,28.37,36.358883705886754
1080.0,3.81,-3.039,3.804791666666631,28.44,36.52849148615225
1085.0,3.8125,-3.043,3.8058333333333016,28.44,36.69807138415894
1090.0,3.8125,-3.0389999999999997,3.806874999999972,28.44,36.86765128216564
1095.0,3.815,-3.043,3.8081249999999804,28.44,37.037231180172334
1100.0,3.82,-3.037,3.809791666666655,28.44,37.20675531366144
1105.0,3.82,-3.042,3.811249999999992,28.44,37.376251564891746
1110.0,3.82,-3.039,3.8127083333333283,28.5,37.54580358063964
1115.0,3.82,-3.039,3.814166666666665,28.5,37.71527194961115
1120.0,3.82,-3.039,3.815000000000007,28.5,37.88474031858266
1125.0,3.8225000000000002,-3.039,3.8160416666666777,28.5,38.05420868755417
1130.0,3.8225000000000002,-3.039,3.8170833333333483,28.56,38.22367705652567
1135.0,3.8275,-3.044,3.8185416666666847,28.56,38.39328483679117
1140.0,3.83,-3.037,3.8202083333333596,28.56,38.562836852539064
1145.0,3.83,-3.043,3.821666666666696,28.56,38.73236098602817
1150.0,3.83,-3.04,3.823125000000033,28.56,38.90196876629366
1155.0,3.83,-3.039,3.824375000000032,28.56,39.07146501752397
1160.0,3.8325,-3.041,3.8254166666666927,28.62,39.24098915101307
1165.0,3.8325,-3.04,3.826458333333354,28.62,39.410541166760964
1170.0,3.835,-3.043,3.827708333333353,28.62,39.58014894702646
1175.0,3.8375,-3.041,3.82916666666668,28.69,39.74978460955075
1180.0,3.84,-3.0410000000000004,3.830833333333345,28.69,39.919364507557454
1185.0,3.835,-3.041,3.8318750000000157,28.69,40.08894440556415
1190.0,3.84,-3.043,3.833333333333352,28.69,40.25858006808844
1195.0,3.84,-3.04,3.8343750000000227,28.69,40.428187848353936
1200.0,3.8425,-3.037,3.8354166666666836,28.69,40.597628335066645
1205.0,3.8425,-3.041,3.836458333333345,28.69,40.76709670403815
1210.0,3.84875,-3.042,3.8380208333333408,28.69,40.93670448430365
1215.0,3.8499999999999996,-3.039,3.839687500000006,28.69,41.10625650005154
1220.0,3.8499999999999996,-3.039,3.841145833333343,28.69,41.27572486902306
1225.0,3.8499999999999996,-3.04,3.8426041666666797,28.69,41.445221120253365
1230.0,3.8475,-3.041,3.8436458333333405,28.69,41.61477313600126
1235.0,3.8525,-3.043,3.8448958333333394,28.69,41.784408798525554
1240.0,3.85375,-3.0389999999999997,3.8460416666666695,28.69,41.95398869653225
1245.0,3.8575,-3.043,3.847916666666663,28.69,42.123568594538945
1250.0,3.8600000000000003,-3.041,3.849583333333328,28.69,42.29320425706324
1255.0,3.8600000000000003,-3.044,3.851249999999993,28.69,42.46286780184633
1260.0,3.8600000000000003,-3.042,3.85270833333333,28.75,42.63255922888822
1265.0,3.8600000000000003,-3.041,3.8541666666666665,28.75,42.80216700915371
1270.0,3.8600000000000003,-3.042,3.8551041666666683,28.75,42.9717747894192
1275.0,3.86125,-3.042,3.8560416666666697,28.75,43.14141045194349
1280.0,3.8625,-3.037,3.8570833333333305,28.75,43.310906703173806
1285.0,3.8675,-3.04,3.858541666666658,28.75,43.480347189886515
1290.0,3.8674999999999997,-3.04,3.8602083333333232,28.72,43.64987132337561
1295.0,3.87,-3.037,3.8616666666666597,28.75,43.81931181008832
1300.0,3.87,-3.0410000000000004,3.863020833333328,28.75,43.98878017905983
1305.0,3.86875,-3.0389999999999997,3.863958333333329,28.75,44.158304312548935
1310.0,3.8724999999999996,-3.037,3.86499999999999,28.75,44.327716917002846
1315.0,3.87375,-3.042,3.86614583333332,28.75,44.49721316823315
1320.0,3.88,-3.0389999999999997,3.867812499999985,28.75,44.66676518398105
1325.0,3.88,-3.043,3.8694791666666504,28.75,44.83634508198775
1330.0,3.88,-3.041,3.8711458333333155,28.75,45.005980744512044
1335.0,3.88,-3.041,3.872708333333312,28.75,45.17556064251874
1340.0,3.88,-3.045,3.8741666666666483,28.81,45.34525206956063
1345.0,3.88125,-3.04,3.8753124999999877,28.81,45.514915614343714
1350.0,3.88375,-3.04,3.876666666666656,28.81,45.68443974783282
1355.0,3.885,-3.041,3.8779166666666547,28.81,45.85399176358072
1360.0,3.89,-3.042,3.87958333333332,28.81,46.023599543846224
1365.0,3.89,-3.0380000000000003,3.881354166666654,28.81,46.19312367733532
1370.0,3.89,-3.039,3.8828124999999907,28.81,46.36256416404803
1375.0,3.89,-3.0389999999999997,3.8841666666666583,28.81,46.53203253301953
1380.0,3.8912500000000003,-3.041,3.8851041666666597,28.81,46.70155666650864
1385.0,3.8925,-3.039,3.886145833333321,28.81,46.87108079999774
1390.0,3.895,-3.0410000000000004,3.88739583333332,28.84,47.04060493348683
1395.0,3.9,-3.043,3.8890624999999943,28.87,47.21024059601113
1400.0,3.9,-3.043,3.890729166666669,28.87,47.379932023053016
1405.0,3.8975,-3.04,3.892083333333337,28.87,47.54953980331852
1410.0,3.9,-3.04,3.893437500000014,28.87,47.71906393680762
1415.0,3.9,-3.043,3.8946875000000225,28.87,47.888671717073116
1420.0,3.9025000000000003,-3.041,3.8957291666666833,28.87,48.05830737959741
1425.0,3.90625,-3.042,3.897083333333351,28.87,48.22791515986291
1430.0,3.9075,-3.043,3.898541666666688,28.94,48.397578704645994
1435.0,3.91,-3.044,3.9002083333333624,28.94,48.567298013946676
1440.0,3.91,-3.04,3.901770833333368,28.94,48.73693367647097
1445.0,3.91,-3.039,3.9032291666667143,28.94,48.906429927701275
1450.0,3.91,-3.041,3.904479166666723,28.94,49.07595406119037
1455.0,3.9125,-3.039,3.9055208333333744,29.0,49.24547819467948
1460.0,3.9175,-3.047,3.9069791666667015,29.0,49.41516962172137
1465.0,3.91875,-3.0410000000000004,3.9087500000000355,29.0,49.58491681328085
1470.0,3.92,-3.04,3.9104166666667006,29.0,49.75446882902875
1475.0,3.92,-3.039,3.9120833333333658,29.0,49.92396508025906
1480.0,3.92,-3.04,3.913541666666712,29.06,50.093461331489365
1485.0,3.92,-3.041,3.9146875000000514,29.06,50.263013347237276
1490.0,3.92,-3.039,3.915729166666722,29.0,50.43253748072637
1495.0,3.9225,-3.041,3.9167708333333735,29.06,50.602061614215465
1500.0,3.92625,-3.0410000000000004,3.918125000000032,29.06,50.77164151222217
1505.0,3.9275,-3.041,3.919583333333359,29.06,50.94122141022886
1510.0,3.93,-3.041,3.921250000000024,29.06,51.11080130823555
1515.0,3.93,-3.0389999999999997,3.9227083333333703,29.06,51.28032544172466
1520.0,3.93,-3.039,3.923750000000041,29.06,51.449793810696164
1525.0,3.93,-3.041,3.9246875000000423,29.06,51.61931794418526
1530.0,3.9324999999999997,-3.044,3.925729166666694,29.06,51.788981488968346
1535.0,3.935,-3.039,3.9269791666666833,29.12,51.95858926923385
1540.0,3.9400000000000004,-3.039,3.9286458333333485,29.12,52.12805763820535
1545.0,3.9400000000000004,-3.04,3.9303125000000136,29.12,52.297553889435655
1550.0,3.9400000000000004,-3.041,3.931979166666679,29.12,52.467105905183566
1555.0,3.9400000000000004,-3.041,3.933437500000025,29.12,52.636685803190254
1560.0,3.9400000000000004,-3.041,3.9345833333333644,29.19,52.80626570119695
1565.0,3.9400000000000004,-3.041,3.935625000000035,29.19,52.97584559920365
1570.0,3.9450000000000003,-3.039,3.936875000000024,29.19,53.14536973269275
1575.0,3.9450000000000003,-3.0380000000000003,3.9381250000000136,29.19,53.31481021940546
1580.0,3.95,-3.041,3.939791666666679,29.19,53.484306470635765
1585.0,3.95,-3.037,3.941458333333344,29.19,53.65377483960727
1590.0,3.95,-3.04,3.94291666666669,29.19,53.82321532631998
1595.0,3.95,-3.041,3.9441666666666984,29.25,53.99276734206788
1600.0,3.95,-3.041,3.945000000000031,29.19,54.16234724007458
1605.0,3.95125,-3.0300000000000002,3.9459375000000327,29.25,54.331620433234505
1610.0,3.9524999999999997,-3.02,3.946979166666703,29.19,54.500308098959685
1615.0,3.955,-3.012,3.9482291666666924,29.25,54.66849388402649
1620.0,3.9575,-3.0,3.9496875000000196,29.25,54.83612202391737
1625.0,3.9600000000000004,-2.992,3.9513541666666847,29.25,55.00319251863227
1630.0,3.9600000000000004,-2.982,3.9526041666666933,29.25,55.16976113268884
1635.0,3.9600000000000004,-2.9720000000000004,3.9538541666667015,29.25,55.33577210156946
1640.0,3.9600000000000004,-2.964,3.954687500000034,29.25,55.501281189791705
1645.0,3.9600000000000004,-2.952,3.9555208333333667,29.25,55.66623263283801
1650.0,3.9600000000000004,-2.946,3.9563541666666993,29.25,55.830682195225954
1655.0,3.9600000000000004,-2.936,3.957187500000032,29.25,55.994685641473154
1660.0,3.9600000000000004,-2.926,3.9580208333333644,29.25,56.15813144254438
1665.0,3.9650000000000003,-2.917,3.9591666666666847,29.25,56.32104748069846
1670.0,3.9650000000000003,-2.906,3.960208333333336,29.25,56.483405873676595
1675.0,3.9650000000000003,-2.902,3.961041666666669,29.31,56.64534603277277
1680.0,3.97,-2.8905000000000003,3.9620833333333394,29.31,56.80685401685758
1685.0,3.97,-2.879,3.962916666666672,29.31,56.96772070899003
1690.0,3.97,-2.871,3.9637500000000045,29.31,57.128043697075945
1695.0,3.97,-2.862,3.964583333333337,29.37,57.2878926867623
1700.0,3.97,-2.855,3.9654166666666697,29.31,57.447295560307886
1705.0,3.97,-2.849,3.9662500000000023,29.37,57.60633596448912
1710.0,3.97,-2.838,3.967083333333335,29.37,57.764902370270775
1715.0,3.97,-2.833,3.9679166666666674,29.37,57.92302265991168
1720.0,3.9725,-2.821,3.968958333333338,29.44,58.08066895115302
1725.0,3.975,-2.8120000000000003,3.9697916666666706,29.44,58.23772971495963
1730.0,3.975,-2.801,3.970625000000003,29.44,58.39423283359027
1735.0,3.975,-2.797,3.9714583333333358,29.44,58.55031771833896
1740.0,3.975,-2.7655000000000003,3.9718749999999923,29.44,58.705412782900325
1745.0,3.975,-2.752,3.9722916666666492,29.44,58.859253145815806
1750.0,3.975,-2.744,3.972708333333306,29.44,59.01249404016714
1755.0,3.9762500000000003,-2.738,3.973229166666632,29.44,59.16534458289531
1760.0,3.9775,-2.734,3.9738541666666265,29.44,59.3179163030355
1765.0,3.98,-2.722,3.974687499999959,29.44,59.47004190703493
1770.0,3.98,-2.713,3.9755208333332916,29.5,59.62158198359961
1775.0,3.98,-2.708,3.9763541666666242,29.5,59.77273170854113
1780.0,3.98,-2.702,3.9769791666666188,29.5,59.92357472863586
1785.0,3.98125,-2.697,3.9774999999999636,29.5,60.07411104388384
1790.0,3.9825,-2.686,3.9781249999999773,29.5,60.22420124299106
1795.0,3.9825,-2.676,3.978749999999991,29.5,60.37370591466351
1800.0,3.9850000000000003,-2.674,3.9795833333333235,29.5,60.52287599923041
1805.0,3.9850000000000003,-2.664,3.980416666666656,29.5,60.67171149669173
1810.0,3.9850000000000003,-2.658,3.9812499999999886,29.56,60.8201008780123
1815.0,3.9850000000000003,-2.651,3.9819791666666524,29.56,60.968127789968484
1820.0,3.9850000000000003,-2.646,3.982604166666647,29.56,61.11582011481911
1825.0,3.9850000000000003,-2.638,3.983020833333304,29.56,61.26314997030536
1830.0,3.9875000000000003,-2.6260000000000003,3.9836458333332985,29.56,61.40992218061566
1835.0,3.99,-2.617,3.984479166666631,29.56,61.55610886349121
1840.0,3.99,-2.617,3.9853124999999636,29.62,61.70204460603759
1845.0,3.99125,-2.6100000000000003,3.986145833333296,29.62,61.84778517277238
1850.0,3.9925,-2.5970000000000004,3.9869791666666288,29.62,61.992968094331225
1855.0,3.9925,-2.591,3.9878124999999613,29.62,62.137621252972906
1860.0,3.9925,-2.585,3.988437499999975,29.62,62.281939824509024
1865.0,3.9925,-2.576,3.9890624999999886,29.62,62.42584016216318
1870.0,3.9925,-2.569,3.9896875000000023,29.62,62.56929438367658
1875.0,3.9937500000000004,-2.564,3.9904166666666847,29.62,62.7124140180844
1880.0,3.995,-2.558,3.9912500000000173,29.62,62.85522694764546
1885.0,3.995,-2.551,3.99208333333335,29.62,62.99767740784213
1890.0,3.995,-2.543,3.992708333333345,29.62,63.13970963415685
1895.0,3.99625,-2.537,3.9932291666666706,29.62,63.2813515088484
1900.0,3.9975,-2.535,3.993854166666665,29.62,63.42277032546958
1905.0,3.9975,-2.524,3.994374999999991,29.62,63.56382667272638
1910.0,3.9975,-2.518,3.994791666666648,29.62,63.70440902158362
1915.0,4.0,-2.509,3.9954166666666424,29.62,63.8445731365589
1920.0,4.0,-2.5060000000000002,3.996041666666637,29.62,63.98440266442862
1925.0,4.0,-2.497,3.996666666666632,29.62,64.12389760519275
1930.0,4.0,-2.493,3.9972916666666265,29.62,64.26303007659253
1935.0,4.0024999999999995,-2.4825,3.9980208333332903,29.655,64.40175825523976
1940.0,4.0024999999999995,-2.478,3.998645833333304,29.69,64.54006820000498
1945.0,4.0024999999999995,-2.472,3.9992708333333176,29.69,64.67808538105287
1950.0,4.0024999999999995,-2.465,3.999895833333331,29.69,64.81574009273636
1955.0,4.00375,-2.458,4.000520833333344,29.69,64.95300445279669
1960.0,4.005,-2.448,4.001145833333358,29.69,65.08979481445748
1965.0,4.005,-2.4450000000000003,4.001770833333372,29.69,65.22622270675389
1970.0,4.005,-2.4379999999999997,4.002395833333385,29.69,65.36237177646233
1975.0,4.005,-2.436,4.002812500000061,29.69,65.49826990584158
1980.0,4.005,-2.428,4.0032291666667374,29.69,65.63388921263287
1985.0,4.00625,-2.417,4.003750000000063,29.69,65.768978756507
1990.0,4.005,-2.412,4.004166666666738,29.69,65.90362218424038
1995.0,4.00625,-2.407,4.0044791666667265,29.69,66.03798678938576
2000.0,4.01,-2.399,4.0051041666667215,29.69,66.17198892516679
2005.0,4.01,-2.394,4.005729166666716,29.69,66.30562859158344
2010.0,4.0112499999999995,-2.386,4.00645833333338,29.69,66.43890578863572
2015.0,4.012499999999999,-2.379,4.007187500000043,29.69,66.57176475180606
2020.0,4.012499999999999,-2.376,4.007812500000038,29.69,66.7043448923884
2025.0,4.012499999999999,-2.372,4.008437500000032,29.72,66.83672985715917
2030.0,4.012499999999999,-2.362,4.009062500000027,29.69,66.96872447030677
2035.0,4.012499999999999,-2.354,4.009687500000022,29.69,67.100217202796
2040.0,4.012499999999999,-2.3495,4.010312500000016,29.69,67.23136140705029
2045.0,4.012499999999999,-2.343,4.010833333333362,29.69,67.36219890645778
2050.0,4.015,-2.339,4.011666666666694,29.69,67.49274364214791
2055.0,4.015,-2.329,4.012395833333376,29.69,67.62289802621487
2060.0,4.015,-2.324,4.012812500000052,29.72,67.75263417639988
2065.0,4.0175,-2.319,4.013437500000047,29.69,67.8820915039969
2070.0,4.0175,-2.311,4.013958333333373,29.69,68.01118636222955
2075.0,4.0175,-2.306,4.01437500000003,29.72,68.13991875109782
2080.0,4.0175,-2.301,4.014791666666686,29.75,68.26837231737814
2085.0,4.0175,-2.291,4.0152083333333435,29.69,68.39640764977648
2090.0,4.01875,-2.286,4.015729166666669,29.69,68.52402474829287
2095.0,4.0225,-2.281,4.016562500000002,29.69,68.65136302422127
2100.0,4.0225,-2.271,4.017395833333334,29.69,68.77828306626772
2105.0,4.0225,-2.2670000000000003,4.018229166666667,29.69,68.904812756691
2110.0,4.0225,-2.259,4.018854166666661,29.69,69.03100786000871
2115.0,4.0225,-2.251,4.019479166666656,29.69,69.15675684718565
2120.0,4.0225,-2.27,4.020104166666651,29.69,69.28281253920937
2125.0,4.0225,-2.247,4.020520833333326,29.69,69.4087567021979
2130.0,4.0225,-2.239,4.020937500000002,29.69,69.5338365151637
2135.0,4.0225,-2.229,4.021354166666678,29.69,69.65841444747116
2140.0,4.025,-2.219,4.021979166666692,29.69,69.78243473460266
2145.0,4.025,-2.214,4.022604166666706,29.69,69.90603678785222
2150.0,4.025,-2.208,4.02312500000005,29.69,70.02933213625498
2155.0,4.0275,-2.198,4.0235416666667065,29.69,70.15218136851698
2160.0,4.0275,-2.194,4.023958333333364,29.69,70.27464024915582
2165.0,4.0275,-2.189,4.0243750000000205,29.62,70.39684818946547
2170.0,4.0275,-2.178,4.024791666666677,29.62,70.51861001363437
2175.0,4.03,-2.17,4.025416666666672,29.62,70.63984207488612
2180.0,4.0287500000000005,-2.1915,4.025937499999998,29.62,70.76145054663164
2185.0,4.0325,-2.16,4.02677083333333,29.62,70.88278019578918
2190.0,4.0325,-2.156,4.027604166666663,29.62,71.0031200247594
2195.0,4.03125,-2.149,4.028333333333326,29.62,71.12315314888285
2200.0,4.0275,-2.188,4.028541666666645,29.62,71.24407850528782
2205.0,4.03,-2.178,4.0289583333333026,29.56,71.36581244719792
2210.0,4.0325,-2.1310000000000002,4.029583333333297,29.56,71.48595710035656
2215.0,4.03,-2.168,4.029791666666635,29.56,71.60582293092723
2220.0,4.0325,-2.118,4.03020833333331,29.56,71.72532629213353
2225.0,4.0337499999999995,-2.113,4.030729166666656,29.56,71.84329612910597
2230.0,4.035,-2.108,4.031354166666669,29.56,71.96098714349041
2235.0,4.032500000000001,-2.138,4.031562500000007,29.5,72.07937521434481
2240.0,4.0375000000000005,-2.09,4.03229166666667,29.5,72.19726140454085
2245.0,4.0375000000000005,-2.084,4.032708333333328,29.5,72.31364195276183
2250.0,4.0375000000000005,-2.079,4.033124999999984,29.5,72.42971579613602
2255.0,4.03875,-2.0925000000000002,4.033749999999979,29.5,72.54602663871
2260.0,4.04,-2.069,4.034791666666649,29.5,72.66205865869601
2265.0,4.0425,-2.057,4.035833333333319,29.5,72.7771008584947
2270.0,4.040000000000001,-2.0745,4.036458333333314,29.5,72.89229641071677
2275.0,4.0425,-2.039,4.0374999999999845,29.5,73.00699008228048
2280.0,4.04,-2.077,4.0381249999999795,29.5,73.1217534594912
2285.0,4.0425,-2.05,4.038854166666643,29.5,73.23682354154869
2290.0,4.0425,-2.023,4.039479166666638,29.5,73.3503879816311
2295.0,4.0425,-2.015,4.04031249999997,29.5,73.46297654265562
2300.0,4.0425,-2.009,4.0407291666666465,29.5,73.57517475205697
2305.0,4.0425,-2.001,4.041145833333322,29.5,73.68698260983513
2310.0,4.045,-1.991,4.041770833333335,29.5,73.79828858695494
2315.0,4.047499999999999,-1.9860000000000002,4.0424999999999995,29.5,73.9091763301928
2320.0,4.047499999999999,-1.979,4.043124999999994,29.5,74.01972948632509
2325.0,4.047499999999999,-1.967,4.043541666666651,29.5,74.12975287954022
2330.0,4.04625,-1.984,4.0440624999999955,29.44,74.23991568404932
2335.0,4.05,-1.953,4.04468749999999,29.44,74.34968813693528
2340.0,4.05,-1.946,4.045520833333323,29.44,74.45840106398694
2345.0,4.05125,-1.94,4.046249999999986,29.44,74.5667515216742
2350.0,4.052499999999999,-1.934,4.047083333333319,29.44,74.67476739225593
2355.0,4.052499999999999,-1.928,4.0479166666666515,29.44,74.78244867573206
2360.0,4.052499999999999,-1.922,4.048749999999984,29.405,74.88979537210263
2365.0,4.052499999999999,-1.912,4.049583333333317,29.37,74.99669595233243
2370.0,4.052499999999999,-1.904,4.050208333333312,29.37,75.10309465190387
2375.0,4.0525,-1.919,4.050624999999987,29.37,75.20968852728691
2380.0,4.052499999999999,-1.892,4.051041666666663,29.37,75.31594781556437
2385.0,4.052499999999999,-1.88,4.051458333333339,29.37,75.42111969574874
2390.0,4.05625,-1.899,4.0522916666666715,29.31,75.52648675174468
2395.0,4.0575,-1.87,4.052916666666666,29.31,75.63157498515264
2400.0,4.055,-1.906,4.053333333333342,29.31,75.73685839437219
2405.0,4.057499999999999,-1.8780000000000001,4.053854166666667,29.31,75.84236486166212
2410.0,4.06,-1.85,4.054479166666662,29.31,75.94630992245938
2415.0,4.0575,-1.886,4.054895833333319,29.31,76.05047804132703
2420.0,4.0625,-1.835,4.0557291666666515,29.31,76.1542279263127
2425.0,4.0625,-1.823,4.056562499999984,29.28,76.25622122899414
2430.0,4.0625,-1.82,4.057395833333317,29.25,76.35779629779361
2435.0,4.0600000000000005,-1.834,4.058020833333312,29.25,76.45967807143987
2440.0,4.061249999999999,-1.8245,4.058749999999975,29.25,76.5616853152507
2445.0,4.0625,-1.795,4.059583333333308,29.25,76.66260515096842
2450.0,4.0625,-1.787,4.060104166666633,29.25,76.76247940198125
2455.0,4.06375,-1.8025,4.060624999999978,29.25,76.86256276993505
2460.0,4.0649999999999995,-1.771,4.06145833333331,29.25,76.96220002174809
2465.0,4.0649999999999995,-1.765,4.062083333333324,29.25,77.06079168885623
2470.0,4.066249999999999,-1.778,4.062604166666669,29.22,77.15957853177595
2475.0,4.067499999999999,-1.749,4.0634375000000205,29.19,77.25791925855492
2480.0,4.0675,-1.7650000000000001,4.0638541666666965,29.19,77.3558975159695
2485.0,4.0675,-1.7570000000000001,4.064270833333372,29.19,77.45409883145447
2490.0,4.07,-1.729,4.064895833333367,29.19,77.55129638562273
2495.0,4.07,-1.719,4.065729166666699,29.19,77.64743441395669
2500.0,4.07,-1.737,4.066458333333363,29.19,77.74379550036102
2505.0,4.0725,-1.707,4.067291666666695,29.19,77.83982199965978
2510.0,4.07,-1.719,4.06791666666669,29.19,77.93534661830019
2515.0,4.0725,-1.689,4.0686458333333535,29.12,78.03036935628224
2520.0,4.0725,-1.681,4.0692708333333485,29.12,78.12433256842998
2525.0,4.0725,-1.6995,4.0698958333333435,29.12,78.2185885442951
2530.0,4.07375,-1.6905000000000001,4.070520833333338,29.12,78.3131094016188
2535.0,4.0725,-1.66,4.070937499999995,29.12,78.40652890971998
2540.0,4.075,-1.6724999999999999,4.071562499999989,29.12,78.49944653716283
2545.0,4.075,-1.6705,4.072187499999984,29.06,78.59265692832304
2550.0,4.08,-1.64,4.073020833333317,29.06,78.68496114607233
2555.0,4.08,-1.629,4.073854166666649,29.06,78.7761082500815
2560.0,4.08,-1.624,4.074687499999982,29.06,78.86680923794994
2565.0,4.08,-1.598,4.075312499999977,29.06,78.95664587579564
2570.0,4.07875,-1.619,4.07604166666664,29.0,79.04634310234735
2575.0,4.08,-1.588,4.076666666666635,29.03,79.1357615063111
2580.0,4.077500000000001,-1.626,4.07708333333331,29.06,79.22537508608642
2585.0,4.08,-1.597,4.077708333333305,29.06,79.31523960619091
2590.0,4.08,-1.593,4.078229166666631,29.06,79.4041840117551
2595.0,4.0825,-1.568,4.079062499999964,29.06,79.49231983181416
2600.0,4.0825,-1.5590000000000002,4.079687499999959,29.06,79.5795076550741
2605.0,4.0825,-1.572,4.080312499999953,29.0,79.66680700736923
2610.0,4.0825,-1.546,4.080520833333291,29.0,79.75374389029999
2615.0,4.0825,-1.5379999999999998,4.080729166666629,29.0,79.83973277643163
2620.0,4.0825,-1.5259999999999998,4.080937499999966,29.0,79.92516401738733
2625.0,4.0825,-1.519,4.081145833333305,29.0,80.01006549542586
2630.0,4.0875,-1.5139999999999998,4.081874999999987,28.94,80.09463238635884
2635.0,4.0875,-1.5059999999999998,4.0825000000000005,28.97,80.17883680792744
2640.0,4.09,-1.497,4.083541666666652,28.94,80.26256723109648
2645.0,4.092499999999999,-1.493,4.084583333333323,28.94,80.34593518490117
2650.0,4.09125,-1.483,4.085520833333324,28.94,80.42891278708267
2655.0,4.092499999999999,-1.477,4.086354166666676,28.94,80.5114442731234
2660.0,4.092499999999999,-1.473,4.087187500000027,28.94,80.59369693657618
2665.0,4.092499999999999,-1.465,4.0880208333333785,28.87,80.67561501292337
2670.0,4.092499999999999,-1.457,4.088854166666731,28.87,80.75708697312982
2675.0,4.092499999999999,-1.453,4.089687500000082,28.87,80.83822434623069
2680.0,4.092499999999999,-1.445,4.090520833333433,28.87,80.91902713222598
2685.0,4.092499999999999,-1.487,4.091354166666785,28.87,81.00077791502041
2690.0,4.092499999999999,-1.435,4.09177083333346,28.81,81.08224987522684
2695.0,4.092499999999999,-1.429,4.092187500000136,28.81,81.16210466442303
2700.0,4.092499999999999,-1.421,4.0923958333334935,28.81,81.24156910199603
2705.0,4.095,-1.415,4.0926041666668125,28.81,81.32064318794589
2710.0,4.095,-1.4315,4.0929166666668,28.81,81.40001003761313
2715.0,4.0975,-1.406,4.093333333333438,28.75,81.47912594695117
2720.0,4.1,-1.396,4.093958333333414,28.75,81.5572520361019
2725.0,4.0975,-1.391,4.094375000000052,28.75,81.63495989137067
2730.0,4.1025,-1.384,4.095208333333365,28.75,81.71233315953387
2735.0,4.1,-1.376,4.095833333333341,28.75,81.7892881938151
2740.0,4.1025,-1.371,4.096666666666654,28.75,81.86588075873198
2745.0,4.1025,-1.368,4.097499999999968,28.69,81.94225026557847
2750.0,4.0975,-1.406,4.097916666666606,28.69,82.01959565148287
2755.0,4.1025,-1.356,4.09874999999992,28.69,82.0966064502817
2760.0,4.1025,-1.35,4.099583333333233,28.69,82.17205584258788
2765.0,4.1025,-1.34,4.100208333333247,28.69,82.24705911875328
2770.0,4.1025,-1.3370000000000002,4.10083333333326,28.655,82.32169992555433
2775.0,4.1025,-1.334,4.101249999999936,28.62,82.39617343880258
2780.0,4.1025,-1.324,4.101458333333274,28.62,82.47028448268648
2785.0,4.1025,-1.3210000000000002,4.10187499999995,28.62,82.544033057206
2790.0,4.1025,-1.318,4.10187499999995,28.62,82.61761433817271
2795.0,4.1025,-1.308,4.102083333333288,28.62,82.69083314977509
2800.0,4.1025,-1.302,4.102083333333288,28.56,82.76360584523668
2805.0,4.1025,-1.3,4.102083333333288,28.56,82.8361554826279
2810.0,4.105,-1.292,4.102708333333301,28.56,82.90842629743116
2815.0,4.10625,-1.287,4.103020833333289,28.56,82.98033464287003
2820.0,4.1075,-1.282,4.103437499999965,28.56,83.05196416572093
2825.0,4.11,-1.278,4.104062499999979,28.5,83.12334274824266
2830.0,4.11125,-1.2719999999999998,4.104791666666642,28.5,83.19444250817641
2835.0,4.11,-1.265,4.105416666666656,28.5,83.26517979874579
2840.0,4.112500000000001,-1.259,4.106250000000007,28.5,83.33555461995081
2845.0,4.112500000000001,-1.255,4.107083333333359,28.5,83.40565061856785
2850.0,4.112500000000001,-1.247,4.107916666666711,28.44,83.47541203007933
2855.0,4.112500000000001,-1.245,4.108750000000062,28.44,83.5448946190028
2860.0,4.112500000000001,-1.2400000000000002,4.109583333333414,28.44,83.61418203211471
2865.0,4.112500000000001,-1.235,4.110416666666765,28.44,83.68319062263865
2870.0,4.112500000000001,-1.231,4.111041666666779,28.44,83.7519482728334
2875.0,4.112500000000001,-1.227,4.111562500000143,28.44,83.8204828649578
2880.0,4.112500000000001,-1.221,4.111979166666818,28.44,83.8887386344942
2885.0,4.112500000000001,-1.213,4.112187500000156,28.37,83.95660405240743
2890.0,4.112500000000001,-1.214,4.112291666666844,28.37,84.02427429450908
2895.0,4.112500000000001,-1.205,4.112500000000182,28.37,84.09172147854035
2900.0,4.112500000000001,-1.201,4.112500000000182,28.37,84.15880619320725
2905.0,4.112500000000001,-1.201,4.112500000000182,28.34,84.22577937883898
2910.0,4.112500000000001,-1.1920000000000002,4.112500000000182,28.31,84.29250162414151
2915.0,4.112500000000001,-1.189,4.112500000000182,28.31,84.35888928233848
2920.0,4.115,-1.186,4.112708333333482,28.31,84.42510964698266
2925.0,4.116250000000001,-1.181,4.1130208333334695,28.28,84.49110695355645
2930.0,4.12,-1.171,4.113645833333446,28.25,84.5566860262483
2935.0,4.12,-1.1720000000000002,4.114270833333421,28.25,84.62201415861095
2940.0,4.12,-1.1720000000000002,4.114895833333397,28.25,84.68737017323241
2945.0,4.12,-1.161,4.115520833333373,28.25,84.7524194830071
2950.0,4.12,-1.158,4.1161458333333485,28.22,84.81707844115861
2955.0,4.12,-1.155,4.116770833333324,28.19,84.88157010575735
2960.0,4.12,-1.157,4.1173958333333,28.19,84.94603388809729
2965.0,4.12,-1.149,4.118020833333276,28.19,85.01033037688444
2970.0,4.1225,-1.1415,4.11885416666659,28.19,85.07419469066022
2975.0,4.1225,-1.143,4.119687499999903,28.19,85.13789171088322
2980.0,4.1225,-1.137,4.120312499999916,28.19,85.20146326094164
2985.0,4.1225,-1.13,4.120833333333242,28.12,85.26467234163567
2990.0,4.1225,-1.126,4.121041666666581,28.12,85.32757471748295
2995.0,4.1225,-1.126,4.121249999999918,28.12,85.39036556429504
3000.0,4.1225,-1.118,4.121458333333256,28.12,85.45293335303673
3005.0,4.1225,-1.112,4.121666666666594,28.12,85.51511079015526
3010.0,4.1225,-1.112,4.121874999999932,28.12,85.57712093372102
3015.0,4.1225,-1.11,4.122083333333269,28.12,85.63907531276918
3020.0,4.1225,-1.106,4.122291666666608,28.06,85.70086239826455
3025.0,4.1225,-1.101,4.122499999999945,28.06,85.76239854343073
3030.0,4.123749999999999,-1.1,4.122604166666633,28.06,85.82376739504414
3035.0,4.125,-1.098,4.122812499999971,28.06,85.88505259988115
3040.0,4.125,-1.09,4.123020833333309,28.06,85.9460589821302
3045.0,4.125,-1.089,4.123229166666647,28.06,86.00681442405006
3050.0,4.125,-1.09,4.1234374999999845,28.06,86.06756986596992
3055.0,4.1274999999999995,-1.081,4.123854166666661,28.06,86.12810224981939
3060.0,4.1274999999999995,-1.081,4.124270833333337,28.03,86.1883836933397
3065.0,4.1274999999999995,-1.078,4.124687500000012,28.0,86.24858149008361
3070.0,4.1274999999999995,-1.074,4.125104166666688,27.94,86.30858411101595
3075.0,4.1274999999999995,-1.069,4.125520833333364,27.97,86.36833579161909
3080.0,4.1274999999999995,-1.064,4.125937500000039,27.94,86.42780864963426
3085.0,4.1274999999999995,-1.064,4.126354166666715,27.94,86.48714209635546
3090.0,4.1274999999999995,-1.0590000000000002,4.126666666666703,27.94,86.54633613178264
3095.0,4.1274999999999995,-1.056,4.126875000000041,27.94,86.60530710913946
3100.0,4.1274999999999995,-1.056,4.1270833333333785,27.87,86.66419443971989
3105.0,4.1274999999999995,-1.05,4.127291666666717,27.87,86.72291447674752
3110.0,4.1274999999999995,-1.044,4.127500000000055,27.87,86.7812999266696
3115.0,4.1274999999999995,-1.042,4.127500000000055,27.87,86.83946231852129
3120.0,4.1274999999999995,-1.045,4.127500000000055,27.84,86.89765259263177
3125.0,4.1274999999999995,-1.042,4.127500000000055,27.81,86.95584286674224
3130.0,4.1274999999999995,-1.04,4.127500000000055,27.81,87.01389372955875
3135.0,4.1274999999999995,-1.038,4.127500000000055,27.81,87.07183306334005
3140.0,4.1274999999999995,-1.034,4.127500000000055,27.81,87.12960510356858
3145.0,4.1274999999999995,-1.03,4.127500000000055,27.75,87.18715408572673
3150.0,4.1274999999999995,-1.03,4.127500000000055,27.75,87.24459153884968
3155.0,4.1274999999999995,-1.028,4.127500000000055,27.75,87.30197322745504
3160.0,4.1274999999999995,-1.024,4.127500000000055,27.75,87.3591876225076
3165.0,4.1274999999999995,-1.022,4.127500000000055,27.69,87.4162347240074
3170.0,4.1274999999999995,-1.02,4.127500000000055,27.69,87.47317029647198
3175.0,4.1274999999999995,-1.016,4.127500000000055,27.69,87.5299385753838
3180.0,4.12875,-1.016,4.127604166666704,27.69,87.58659532526042
3185.0,4.13,-1.01,4.127812500000043,27.69,87.64308478158425
3190.0,4.132499999999999,-1.01,4.128229166666718,27.62,87.6994069443553
3195.0,4.13125,-1.009,4.128541666666706,27.62,87.75570122486755
3200.0,4.132499999999999,-1.005,4.128958333333382,27.62,87.81185609408581
3205.0,4.132499999999999,-1.005,4.129375000000057,27.62,87.86789943426888
3210.0,4.132499999999999,-1.001,4.129791666666733,27.62,87.92383124541678
3215.0,4.135,-1.001,4.130416666666747,27.62,87.97965152752947
3220.0,4.132499999999999,-0.997,4.130833333333423,27.56,88.03536028060697
3225.0,4.132499999999999,-0.994,4.131250000000098,27.56,88.0908738578729
3230.0,4.132499999999999,-0.997,4.131666666666774,27.56,88.1463874351388
3235.0,4.132499999999999,-0.995,4.13208333333345,27.56,88.20192889466352
3240.0,4.132499999999999,-0.991,4.132395833333476,27.56,88.25730306063546
3245.0,4.132499999999999,-0.993,4.132604166666813,27.56,88.31262146208981
3250.0,4.132499999999999,-0.991,4.132604166666813,27.56,88.36793986354414
3255.0,4.133749999999999,-0.983,4.132812500000152,27.53,88.4229794424105
3260.0,4.135,-0.983,4.1330208333334895,27.5,88.47779596320649
3265.0,4.1375,-0.983,4.133437500000127,27.5,88.53261248400247
3270.0,4.1375,-0.98,4.133854166666765,27.5,88.58734535802206
3275.0,4.1375,-0.977,4.1340625000000655,27.5,88.64191093848886
3280.0,4.1375,-0.977,4.134479166666703,27.5,88.69639287217927
3285.0,4.13625,-0.975,4.134791666666691,27.5,88.7508190413521
3290.0,4.1375,-0.977,4.1352083333333285,27.5,88.80524521052492
3295.0,4.135,-0.971,4.135416666666667,27.5,88.85955985066254
3300.0,4.1375,-0.97,4.135833333333305,27.44,88.91367931498858
3305.0,4.1375,-0.97,4.136249999999943,27.44,88.96777089705583
3310.0,4.1375,-0.963,4.136666666666581,27.44,89.0216673033115
3315.0,4.1375,-0.965,4.136979166666568,27.44,89.07542429827318
3320.0,4.1375,-0.962,4.137187499999868,27.405,89.12915341097606
3325.0,4.1375,-0.961,4.137187499999868,27.37,89.18277099464375
3330.0,4.1375,-0.96,4.137187499999868,27.37,89.23633281379382
3335.0,4.1375,-0.957,4.137187499999868,27.37,89.28978310390873
3340.0,4.1375,-0.959,4.137187499999868,27.37,89.34320551176484
3345.0,4.1375,-0.956,4.137291666666518,27.37,89.39660003736215
3350.0,4.1375,-0.955,4.137291666666518,27.37,89.44988303392427
3355.0,4.1375,-0.953,4.137499999999818,27.31,89.50308238371
3360.0,4.13625,-0.953,4.137395833333168,27.31,89.55622596897813
3365.0,4.1375,-0.949,4.137395833333168,27.31,89.60925802521106
3370.0,4.1375,-0.951,4.137395833333168,27.31,89.66223431692642
3375.0,4.1375,-0.949,4.137395833333168,27.31,89.71521060864175
3380.0,4.13875,-0.945,4.137499999999856,27.31,89.76801960680432
3385.0,4.1375,-0.941,4.137499999999856,27.31,89.82060554689649
3390.0,4.1375,-0.945,4.137499999999856,27.31,89.87319148698867
3395.0,4.1375,-0.944,4.137499999999856,27.31,89.92586107385725
3400.0,4.1375,-0.943,4.137499999999856,27.31,89.97847489620821
3405.0,4.1375,-0.94,4.137499999999856,27.25,90.03097718952401
3410.0,4.1375,-0.938,4.137499999999856,27.25,90.0833400715458
3415.0,4.14,-0.935,4.137708333333194,27.25,90.13556354227362
3420.0,4.14,-0.934,4.138020833333182,27.25,90.18767548396623
3425.0,4.14,-0.923,4.13822916666652,27.25,90.23945283855328
3430.0,4.1375,-0.923,4.13822916666652,27.25,90.29092348829354
3435.0,4.1375,-0.921,4.13822916666652,27.25,90.34233837351623
3440.0,4.1375,-0.919,4.138124999999832,27.22,90.39364172970372
3445.0,4.14,-0.919,4.138333333333169,27.19,90.44488932137362
3450.0,4.1375,-0.919,4.138333333333169,27.19,90.49613691304353
3455.0,4.1375,-0.92,4.138333333333169,27.19,90.54741238697221
3460.0,4.1375,-0.917,4.138333333333169,27.19,90.59863209638331
3465.0,4.1375,-0.915,4.138333333333169,27.19,90.64971239450043
3470.0,4.14,-0.916,4.138541666666508,27.155,90.70076481035873
3475.0,4.14,-0.913,4.138541666666508,27.12,90.75176146169946
3480.0,4.14,-0.911,4.138541666666508,27.12,90.8026187017462
3485.0,4.14,-0.91,4.138541666666508,27.12,90.85339229501653
3490.0,4.14,-0.911,4.138749999999845,27.12,90.90416588828687
3495.0,4.14,-0.909,4.138958333333183,27.12,90.9549115992984
3500.0,4.14,-0.909,4.139166666666521,27.12,91.00560154579236
3505.0,4.1375,-0.909,4.138958333333183,27.12,91.0562914922863
3510.0,4.14,-0.905,4.139166666666521,27.06,91.10686990974506
3515.0,4.14,-0.907,4.139374999999859,27.06,91.15739256268621
3520.0,4.14,-0.905,4.139583333333197,27.06,91.20791521562737
3525.0,4.14,-0.899,4.139791666666535,27.06,91.25821481049815
3530.0,4.14,-0.904,4.139791666666535,27.06,91.30848652311013
3535.0,4.14,-0.901,4.139791666666535,27.06,91.3588140002397
3540.0,4.14,-0.899,4.139791666666535,27.0,91.40900206607529
3545.0,4.14,-0.897,4.139791666666535,27.0,91.45907860287569
3550.0,4.14,-0.897,4.139791666666535,27.0,91.5090993751585
3555.0,4.14,-0.895,4.139791666666535,27.0,91.55906438292371
3560.0,4.14,-0.894,4.139791666666535,27.0,91.60894574391251
3565.0,4.14,-0.893,4.139999999999873,27.0,91.65877134038375
3570.0,4.14,-0.893,4.139999999999873,27.0,91.70856905459618
3575.0,4.14,-0.89,4.139999999999873,26.97,91.75828312203221
3580.0,4.14,-0.893,4.139999999999873,26.94,91.80799718946825
3585.0,4.14,-0.891,4.139999999999873,26.94,91.85773913916306
3590.0,4.14,-0.889,4.139999999999873,26.94,91.90736955982271
3595.0,4.14,-0.879,4.139999999999873,26.94,91.95666539337678
3600.0,4.14,-0.883,4.139999999999873,26.94,92.00579393337807
3605.0,4.14,-0.887,4.139999999999873,26.94,92.05514553144972
3610.0,4.14,-0.881,4.139999999999873,26.94,92.1044413650038
3615.0,4.14,-0.881,4.139999999999873,26.87,92.15356990500509
3620.0,4.14,-0.881,4.139999999999873,26.87,92.20269844500638
3625.0,4.14,-0.879,4.139999999999873,26.87,92.25177122049006
3630.0,4.14,-0.879,4.139999999999873,26.87,92.30078823145615
3635.0,4.14,-0.876,4.139999999999873,26.87,92.34972159564586
3640.0,4.14,-0.877,4.139999999999873,26.87,92.39859919531797
3645.0,4.14,-0.87,4.139999999999873,26.81,92.44730950143727
3650.0,4.14,-0.8734999999999999,4.139999999999873,26.84,92.49592221965081
3655.0,4.14,-0.875,4.139999999999873,26.81,92.54467434915831
3660.0,4.1425,-0.872,4.14020833333321,26.81,92.59338465527765
3665.0,4.14,-0.868,4.14020833333321,26.81,92.6418997855854
3670.0,4.1425,-0.868,4.140416666666549,26.81,92.69030338685793
3675.0,4.1425,-0.868,4.140624999999886,26.81,92.73870698813049
3680.0,4.141249999999999,-0.866,4.140729166666574,26.81,92.78705482488543
3685.0,4.1425,-0.862,4.140937499999912,26.81,92.83523536808758
3690.0,4.145,-0.866,4.141354166666588,26.81,92.88341591128975
3695.0,4.1425,-0.862,4.141562499999925,26.81,92.93159645449191
3700.0,4.1425,-0.862,4.141770833333264,26.78,92.97966546865888
3705.0,4.145,-0.862,4.142187499999939,26.75,93.02773448282585
3710.0,4.14375,-0.86,4.142499999999965,26.75,93.07574773247524
3715.0,4.14375,-0.858,4.142812499999991,26.75,93.12364945308943
3720.0,4.145,-0.854,4.1430208333333285,26.75,93.17138388015084
3725.0,4.14625,-0.857,4.143541666666654,26.75,93.21909042495345
3730.0,4.145,-0.856,4.143749999999993,26.75,93.26685273427364
3735.0,4.145,-0.852,4.14395833333333,26.75,93.31447563229986
3740.0,4.14625,-0.853,4.144374999999968,26.75,93.36201488354969
3745.0,4.1475,-0.852,4.144791666666644,26.69,93.40955413479952
3750.0,4.145,-0.85,4.144791666666644,26.69,93.45700973927295
3755.0,4.14625,-0.849,4.1451041666666315,26.69,93.50438169696997
3760.0,4.145,-0.85,4.14531249999997,26.69,93.551753654667
3765.0,4.145,-0.848,4.14531249999997,26.69,93.59909773010526
3770.0,4.14625,-0.846,4.145520833333269,26.69,93.64633027650831
3775.0,4.1475,-0.843,4.1458333333332575,26.69,93.69342341161737
3780.0,4.1475,-0.842,4.146041666666595,26.69,93.74040501769124
3785.0,4.1475,-0.843,4.146145833333283,26.69,93.7873866237651
3790.0,4.1475,-0.842,4.1463541666666215,26.69,93.83436822983897
3795.0,4.1475,-0.836,4.146562499999959,26.69,93.88115466010125
3800.0,4.1475,-0.84,4.146666666666647,26.69,93.92788532584595
3805.0,4.1475,-0.838,4.146666666666647,26.69,93.97467175610824
3810.0,4.1475,-0.836,4.1468749999999845,26.69,94.02134665733534
3815.0,4.1475,-0.834,4.146979166666672,26.62,94.06791002952724
3820.0,4.1475,-0.831,4.147187500000011,26.62,94.11433399042515
3825.0,4.1475,-0.83,4.1473958333333485,26.62,94.16064642228788
3830.0,4.1475,-0.833,4.147500000000036,26.62,94.20701461866821
3835.0,4.1475,-0.831,4.147500000000036,26.62,94.25341069730733
3840.0,4.1475,-0.832,4.147500000000036,26.62,94.29977889368764
3845.0,4.1475,-0.828,4.147500000000036,26.56,94.34606344329157
3850.0,4.1475,-0.827,4.147500000000036,26.62,94.39220858160152
3855.0,4.1475,-0.83,4.147500000000036,26.56,94.43840948442906
3860.0,4.1475,-0.824,4.147500000000036,26.56,94.4845267404802
3865.0,4.14875,-0.824,4.147604166666686,26.56,94.53047670297859
3870.0,4.15,-0.82,4.1478125000000245,26.56,94.57631513644176
3875.0,4.15,-0.82,4.148020833333362,26.56,94.62204204086974
3880.0,4.15,-0.82,4.1482291666667,26.56,94.66776894529774
3885.0,4.15,-0.82,4.148437500000038,26.56,94.71349584972572
3890.0,4.15,-0.816,4.148645833333376,26.56,94.7591112251185
3895.0,4.1475,-0.816,4.148645833333376,26.56,94.80461507147612
3900.0,4.15,-0.816,4.148854166666713,26.56,94.85011891783371
3905.0,4.15,-0.814,4.149062500000052,26.56,94.89556699967373
3910.0,4.15,-0.812,4.149270833333389,26.56,94.94090355247855
3915.0,4.15,-0.812,4.149479166666727,26.56,94.98618434076576
3920.0,4.15,-0.806,4.1496875000000655,26.56,95.0312978355002
3925.0,4.14875,-0.811,4.1496875000000655,26.53,95.07638344797583
3930.0,4.15,-0.806,4.1496875000000655,26.5,95.12146906045147
3935.0,4.1475,-0.804,4.149479166666727,26.5,95.16635949711552
3940.0,4.15,-0.807,4.149479166666727,26.5,95.21127781603838
3945.0,4.15,-0.802,4.149479166666727,26.5,95.25614037044362
3950.0,4.15,-0.802,4.149479166666727,26.5,95.30086351355489
3955.0,4.15,-0.8,4.1496875000000655,26.5,95.34553089214856
3960.0,4.15,-0.804,4.1496875000000655,26.44,95.39025403525983
3965.0,4.15,-0.802,4.1496875000000655,26.44,95.43503294288868
3970.0,4.15,-0.798,4.1496875000000655,26.44,95.47964455696477
3975.0,4.15,-0.798,4.1496875000000655,26.44,95.52414464200565
3980.0,4.15,-0.794,4.1496875000000655,26.44,95.56853319801135
3985.0,4.15,-0.797,4.149791666666753,26.44,95.61289387175826
3990.0,4.1525,-0.794,4.150000000000091,26.44,95.65725454550517
3995.0,4.15,-0.792,4.1502083333334285,26.44,95.70147580795808
4000.0,4.15,-0.79,4.1502083333334285,26.37,95.74558554137582
4005.0,4.15,-0.79,4.1502083333334285,26.37,95.78963951027595
4010.0,4.15,-0.788,4.1502083333334285,26.37,95.83363771465847
4015.0,4.15125,-0.782,4.150312500000079,26.37,95.87741286097062
4020.0,4.1525,-0.786,4.150520833333417,26.37,95.92113224276517
4025.0,4.1525,-0.782,4.150729166666754,26.37,95.96485162455973
4030.0,4.1525,-0.782,4.150937500000093,26.37,96.00845947731911
4035.0,4.1525,-0.78,4.15114583333343,26.37,96.05201156556087
4040.0,4.15,-0.778,4.15114583333343,26.31,96.09545212476746
4045.0,4.1525,-0.777,4.151354166666768,26.31,96.13880903719767
4050.0,4.1525,-0.772,4.151354166666768,26.31,96.18199865607507
4055.0,4.1525,-0.776,4.151562500000106,26.31,96.22516039269368
4060.0,4.15125,-0.775,4.151666666666756,26.31,96.26840577608868
4065.0,4.1525,-0.774,4.151875000000094,26.31,96.31159539496609
4070.0,4.1525,-0.77,4.152083333333432,26.31,96.35464560254951
4075.0,4.1525,-0.766,4.15218750000012,26.28,96.39747275206255
4080.0,4.1525,-0.768,4.15218750000012,26.25,96.44024413705797
4085.0,4.1525,-0.768,4.15218750000012,26.25,96.48307128657102
4090.0,4.1525,-0.764,4.15218750000012,26.25,96.52578690704885
4095.0,4.1525,-0.763,4.15218750000012,26.25,96.56836311623272
4100.0,4.1525,-0.76,4.152395833333458,26.25,96.61082779638139
4105.0,4.1525,-0.76,4.152395833333458,26.25,96.65320882975365
4110.0,4.1525,-0.759,4.152395833333458,26.25,96.69556198086714
4115.0,4.1525,-0.758,4.152395833333458,26.19,96.73785936746302
4120.0,4.1537500000000005,-0.759,4.152604166666795,26.19,96.7801567540589
4125.0,4.155,-0.753,4.152812500000134,26.19,96.8223147293608
4130.0,4.155,-0.752,4.153020833333471,26.19,96.86427752885112
4135.0,4.155,-0.748,4.153229166666809,26.19,96.90610091704744
4140.0,4.155,-0.75,4.153437500000147,26.19,96.94786854072618
4145.0,4.155,-0.748,4.153645833333485,26.19,96.98963616440493
4150.0,4.155,-0.747,4.1538541666668225,26.19,97.03132014130725
4155.0,4.155,-0.745,4.154062500000161,26.19,97.07292047143319
4160.0,4.155,-0.742,4.154270833333499,26.19,97.11438139026515
4165.0,4.155,-0.741,4.154479166666836,26.12,97.15573078006192
4170.0,4.155,-0.742,4.154687500000175,26.12,97.1970801698587
4175.0,4.155,-0.735,4.154895833333512,26.12,97.23826226610267
4180.0,4.155,-0.736,4.1550000000002,26.12,97.27927706879386
4185.0,4.155,-0.736,4.1550000000002,26.12,97.32031975374386
4190.0,4.155,-0.731,4.1550000000002,26.12,97.36122302739986
4195.0,4.155,-0.734,4.1550000000002,26.12,97.40207053653826
4200.0,4.155,-0.733,4.1550000000002,26.09,97.44297381019426
4205.0,4.155,-0.727,4.1550000000002,26.06,97.48368190803869
4210.0,4.155,-0.727,4.1550000000002,26.06,97.52422271233033
4215.0,4.155,-0.724,4.1550000000002,26.06,97.56467986984558
4220.0,4.155,-0.727,4.1550000000002,26.06,97.60513702736084
4225.0,4.155,-0.722,4.1550000000002,26.06,97.64553842035846
4230.0,4.157500000000001,-0.724,4.1552083333335,26.06,97.68585616657973
4235.0,4.157500000000001,-0.719,4.1554166666668,26.06,97.72609026602458
4240.0,4.157500000000001,-0.717,4.1556250000001,26.06,97.76612918965787
4245.0,4.157500000000001,-0.713,4.1558333333334,26.06,97.80600081973839
4250.0,4.157500000000001,-0.717,4.1560416666667,26.0,97.84587244981888
4255.0,4.157500000000001,-0.713,4.15625,26.0,97.88574407989938
4260.0,4.157500000000001,-0.712,4.1564583333333,26.0,97.9254762986859
4265.0,4.157500000000001,-0.713,4.1566666666666,26.0,97.9652085174724
4270.0,4.157500000000001,-0.709,4.1568749999999,26.0,98.00485708948253
4275.0,4.15875,-0.709,4.157187499999888,26.0,98.04439413245744
4280.0,4.157500000000001,-0.707,4.1573958333331875,26.0,98.08387541091479
4285.0,4.157500000000001,-0.705,4.157604166666488,26.0,98.12324516033694
4290.0,4.157500000000001,-0.701,4.157604166666488,26.0,98.16244761620628
4295.0,4.157500000000001,-0.703,4.157604166666488,26.0,98.20159430755805
4300.0,4.157500000000001,-0.701,4.157604166666488,26.0,98.2407409989098
4305.0,4.157500000000001,-0.695,4.157604166666488,26.0,98.27966463219119
4310.0,4.157500000000001,-0.693,4.157604166666488,25.94,98.31836520740218
4315.0,4.16,-0.693,4.157812499999825,25.94,98.35701001809558
4320.0,4.16,-0.689,4.158020833333164,25.97,98.3955432997538
4325.0,4.1625,-0.689,4.158437499999839,26.0,98.43396505237682
4330.0,4.16,-0.685,4.1586458333331775,26.0,98.47227527596463
4335.0,4.1625,-0.686,4.158958333333165,25.94,98.51050185277607
4340.0,4.16,-0.681,4.159166666666503,25.94,98.54861690055232
4345.0,4.1625,-0.677,4.159583333333178,25.94,98.58648100799941
4350.0,4.16,-0.674,4.159791666666517,25.94,98.6241499396349
4355.0,4.16,-0.677,4.1599999999998545,25.94,98.66181887127038
4360.0,4.16,-0.677,4.160208333333192,25.94,98.69957144968228
4365.0,4.1625,-0.674,4.160624999999868,25.94,98.73724038131778
4370.0,4.1625,-0.667,4.161041666666544,25.94,98.7746304903653
4375.0,4.1625,-0.671,4.161249999999882,25.94,98.81193695263642
4380.0,4.1625,-0.671,4.161458333333219,25.94,98.84935494394273
4385.0,4.1625,-0.669,4.161458333333219,25.94,98.88671717073144
4390.0,4.1625,-0.669,4.161666666666558,25.87,98.92402363300256
4395.0,4.1625,-0.663,4.161666666666558,25.87,98.96116280172089
4400.0,4.1625,-0.661,4.161874999999895,25.94,98.99807891236884
4405.0,4.1625,-0.665,4.161874999999895,25.87,99.0350507875344
4410.0,4.1625,-0.661,4.162083333333233,25.87,99.07202266269995
4415.0,4.1625,-0.657,4.1622916666665715,25.87,99.10877147979512
4420.0,4.1625,-0.655,4.162499999999909,25.87,99.14535300333752
4425.0,4.1625,-0.657,4.162499999999909,25.87,99.18193452687991
4430.0,4.1625,-0.655,4.162499999999909,25.87,99.2185160504223
4435.0,4.1625,-0.647,4.162499999999909,25.81,99.2548187513767
4440.0,4.1625,-0.649,4.162499999999909,25.84,99.29095415877832
4445.0,4.1625,-0.649,4.162499999999909,25.81,99.32714533069755
4450.0,4.1625,-0.645,4.162499999999909,25.81,99.3632249735816
4455.0,4.16375,-0.646,4.162604166666597,25.81,99.39922096968924
4460.0,4.1625,-0.639,4.162604166666597,25.81,99.43504967224408
4465.0,4.1625,-0.643,4.162604166666597,25.81,99.47079472802254
4470.0,4.16375,-0.639,4.162708333333285,25.81,99.506539783801
4475.0,4.16375,-0.634,4.162812499999973,25.81,99.5420338992503
4480.0,4.1625,-0.637,4.162812499999973,25.81,99.57747225018197
4485.0,4.165,-0.633,4.16302083333331,25.78,99.61288271885486
4490.0,4.16625,-0.634,4.163333333333337,25.75,99.64820954075134
4495.0,4.165,-0.627,4.163541666666674,25.75,99.68336906909505
4500.0,4.165,-0.631,4.163750000000012,25.75,99.71844495066237
4505.0,4.1675,-0.63,4.164166666666688,25.75,99.75360447900609
4510.0,4.1625,-0.673,4.164166666666688,25.75,99.78993506221929
4515.0,4.165,-0.626,4.164270833333338,25.75,99.8261541163973
4520.0,4.165,-0.62,4.164479166666676,25.75,99.86089541085906
4525.0,4.1675,-0.617,4.164895833333351,25.75,99.89538576499162
4530.0,4.1675,-0.617,4.165208333333339,25.69,99.92979247234778
4535.0,4.165,-0.617,4.165312499999989,25.69,99.96419917970397
4540.0,4.165,-0.667,4.165520833333328,25.69,100.0
