filename,type,rows,duration_s,dt_min,dt_median,dt_max,dt_std,non_monotonic_count,total_nans,v_min,v_max,v_spread_max,v_spread_median,curr_median,curr_std,curr_min,curr_max,temp_min,temp_max,temp_median,capacity_ah,cc_cv_time,cc_cv_voltage,end_current,file_idx
Discharge_01.csv,discharge,11017,20622.0,1.0,2.0,2.0,0.3340849564870418,0,0,3.0225,4.07,0.10000000000000009,0.010000000000000231,0.453,0.024173661140342688,0.396,0.503,23.94,24.87,24.25,2.5941413888888887,,,,1
Discharge_02.csv,discharge,11293,21138.0,1.0,2.0,2.0,0.33415132897403366,0,0,3.0075,4.11,0.040000000000000036,0.020000000000000018,0.455,0.025552175130932643,0.387,0.489,23.87,25.56,24.44,2.6520926388888895,,,,2
Discharge_03.csv,discharge,5115,9572.0,1.0,2.0,2.0,0.3343961187639172,0,0,3.0025,4.04,0.040000000000000036,0.020000000000000018,0.952,0.05880811373571995,0.809,1.039,25.19,26.87,25.81,2.523725972222222,,,,3
Discharge_04.csv,discharge,5369,10048.0,1.0,2.0,2.0,0.3342755703580103,0,0,3.0025,4.0725,0.03000000000000025,0.020000000000000018,0.955,0.06403370270779056,0.804,1.108,24.94,28.12,25.75,2.659140555555555,,,,4
Discharge_05.csv,discharge,5439,10179.0,1.0,2.0,2.0,0.3342813623568402,0,0,2.9875000000000003,4.1575,0.040000000000000036,0.010000000000000231,0.94,0.06266360992441222,0.794,1.098,24.75,26.5,25.44,2.6506570833333334,,,,5
Discharge_06.csv,discharge,5555,10397.0,1.0,2.0,2.0,0.3341074497967186,0,0,2.99,4.109999999999999,0.040000000000000036,0.020000000000000018,0.918,0.0671750515627641,0.762,1.076,24.5,28.5,25.87,2.644831111111111,,,,6
Discharge_07.csv,discharge,5537,10363.0,1.0,2.0,2.0,0.3341686356721336,0,0,2.9349999999999996,4.1175,0.10999999999999943,0.029999999999999805,0.935,0.0710491975156563,0.765,1.089,23.37,25.75,24.44,2.6818826388888883,,,,7
Discharge_08.csv,discharge,5486,10269.0,1.0,2.0,2.0,0.3338704346829611,0,0,2.9825000000000004,4.109999999999999,0.040000000000000036,0.019999999999999574,0.933,0.06971740495114445,0.772,1.086,25.69,29.5,26.62,2.653214583333333,,,,8
Discharge_09.csv,discharge,5612,10503.0,1.0,2.0,2.0,0.33424690971031185,0,0,2.8125,4.075,0.040000000000000036,0.020000000000000018,0.953,0.07217136670230442,0.766,1.068,23.62,25.69,24.19,2.7701797222222226,,,,9
Discharge_10.csv,discharge,5439,10174.0,1.0,2.0,2.0,0.3353012709947348,0,0,2.9825,4.085,0.10000000000000009,0.03000000000000025,0.947,0.06554574234269271,0.787,1.06,23.44,25.94,24.0,2.665172638888889,,,,10
Discharge_11.csv,discharge,5344,10002.0,1.0,2.0,2.0,0.3341098134567234,0,0,3.015,4.075,0.040000000000000036,0.020000000000000018,0.957,0.06331199534079184,0.805,1.067,23.44,25.44,23.87,2.6444845833333335,,,,11
Discharge_12.csv,discharge,2653,4964.0,1.0,2.0,2.0,0.3343180720616743,0,0,2.99,4.0649999999999995,0.0600000000000005,0.029999999999999805,1.903,0.13123061263772864,1.597,2.137,25.5,28.87,27.0,2.6194980555555554,,,,12
Discharge_13.csv,discharge,2507,4690.0,1.0,2.0,2.0,0.3346364051814958,0,0,3.0124999999999997,3.99,0.040000000000000036,0.020000000000000018,1.886,0.12435264859588455,1.603,2.099,24.56,28.69,26.75,2.4532419444444447,,,,13
Discharge_14.csv,discharge,2397,4486.0,1.0,2.0,2.0,0.3337698031390944,0,0,2.9875000000000003,3.96,0.07000000000000028,0.029999999999999805,1.876,0.12707064985356223,1.594,2.097,25.06,30.0,27.81,2.3404747222222224,,,,14
Discharge_15.csv,discharge,2566,4801.0,1.0,2.0,2.0,0.3343847626376653,0,0,3.0025,4.0125,0.06000000000000005,0.020000000000000018,1.896,0.12890950405091617,1.599,2.116,24.19,28.37,26.5,2.526445972222222,,,,15
Discharge_16.csv,discharge,2532,4738.0,1.0,2.0,2.0,0.3341038856386159,0,0,2.9975,4.0225,0.050000000000000266,0.029999999999999805,1.8969999999999998,0.12864525274833621,1.601,2.126,24.81,29.5,27.19,2.491906944444445,,,,16
Discharge_17.csv,discharge,2497,4672.0,1.0,2.0,2.0,0.3343180720616743,0,0,3.0124999999999997,3.99,0.06000000000000005,0.020000000000000018,1.918,0.12343270594961424,1.627,2.115,24.44,28.44,26.56,2.480795,,,,17
Discharge_18.csv,discharge,2561,4792.0,1.0,2.0,2.0,0.3342289400620479,0,0,3.0075,4.0225,0.04999999999999982,0.020000000000000018,1.908,0.1313928983513886,1.613,2.193,24.56,28.94,26.75,2.5398899999999998,,,,18
Discharge_19.csv,discharge,2613,4889.0,1.0,2.0,2.0,0.3343726493118702,0,0,3.005,4.0425,0.040000000000000036,0.029999999999999805,1.923,0.1290890895111312,1.613,2.157,24.31,28.62,26.44,2.6037513888888886,,,,19
Discharge_20.csv,discharge,2555,4781.0,1.0,2.0,2.0,0.33412816986154414,0,0,3.0,4.0175,0.050000000000000266,0.020000000000000018,1.89,0.1319872645638745,1.597,2.261,22.69,28.94,26.25,2.5104149999999996,,,,20
Discharge_21.csv,discharge,2531,4736.0,1.0,2.0,2.0,0.33416021214974356,0,0,2.995,3.99,0.04999999999999982,0.020000000000000018,1.888,0.13213647832265496,1.592,2.139,22.44,28.56,25.81,2.481042361111111,,,,21
Discharge_22.csv,discharge,1738,3252.0,1.0,2.0,2.0,0.3338742959314131,0,0,3.0025,3.9675000000000002,0.040000000000000036,0.020000000000000018,2.65,0.17327889841899347,2.253,2.927,23.31,31.62,28.31,2.3865784722222223,,,,22
Discharge_23.csv,discharge,1666,3117.0,1.0,2.0,2.0,0.33400954055834214,0,0,2.9925,3.98,0.07000000000000028,0.040000000000000036,2.7385,0.19522468218624284,2.319,3.092,24.37,32.25,29.06,2.3746583333333335,,,,23
Discharge_24.csv,discharge,1805,3378.0,1.0,2.0,2.0,0.3335260413483793,0,0,2.9975,3.995,0.06000000000000005,0.020000000000000018,2.721,0.19240821741121775,2.298,3.06,24.69,31.75,28.94,2.555202222222222,,,,24
Discharge_25.csv,discharge,1717,3213.0,1.0,2.0,2.0,0.33366885733072077,0,0,2.9324999999999997,3.95,0.050000000000000266,0.020000000000000018,2.686,0.1805923331987891,2.249,2.976,25.81,31.69,28.81,2.3908216666666666,,,,25
Discharge_26.csv,discharge,1694,3168.0,1.0,2.0,2.0,0.33494021815458996,0,0,3.08,3.9800000000000004,0.11000000000000032,0.050000000000000266,2.696,0.17384205754404647,2.331,2.996,23.19,30.62,27.75,2.3726419444444447,,,,26
Discharge_27.csv,discharge,1766,3305.0,1.0,2.0,2.0,0.333508502045585,0,0,2.98,3.9850000000000003,0.050000000000000266,0.020000000000000018,2.6559999999999997,0.19002768052927838,2.236,2.985,25.62,32.13,29.19,2.4394375,,,,27
Discharge_28.csv,discharge,1642,3072.0,1.0,2.0,2.0,0.3340572358210105,0,0,2.9875000000000003,3.995,0.08000000000000007,0.040000000000000036,2.685,0.18524514249659088,2.269,3.02,24.62,30.75,28.0,2.2916158333333336,,,,28
Discharge_29.csv,discharge,1703,3186.0,1.0,2.0,2.0,0.3341839911827022,0,0,3.02,3.9600000000000004,0.06999999999999984,0.029999999999999805,2.648,0.18108932986980242,2.265,2.965,22.0,31.31,27.44,2.3465591666666663,,,,29
Discharge_30.csv,discharge,1683,3148.0,1.0,2.0,2.0,0.3345552652849471,0,0,3.0100000000000002,3.97,0.06000000000000005,0.020000000000000018,2.677,0.1787019469123701,2.285,3.003,22.62,29.31,26.31,2.34130375,,,,30
Load_1.csv,charge,6732,12599.0,1.0,2.0,2.0,0.33432654471402234,0,0,3.2100000000000004,4.1850000000000005,0.03000000000000025,0.010000000000000231,1.006,0.304023695795432,-0.007,1.022,24.56,26.94,25.81,2.8359622222222223,12214.0,4.180000000000001,-0.004,1
Load_2.csv,charge,7225,13530.0,1.0,2.0,2.0,0.33305854963275067,0,0,3.2800000000000002,4.1875,0.040000000000000036,0.020000000000000018,1.006,0.3520468122359078,0.0,1.018,28.12,30.06,29.19,2.888090416666666,12363.0,4.18,0.0,2
Load_3.csv,charge,5671,10614.0,1.0,2.0,2.0,0.3341369334147737,0,0,3.3225,4.2,0.04999999999999982,0.010000000000000231,1.024,0.21317420628944256,0.101,1.035,25.5,26.75,26.12,2.8477713888888885,9867.0,4.197500000000001,0.14,3
Load_4.csv,charge,6166,11540.0,1.0,2.0,2.0,0.3342486785887247,0,0,3.2475,4.2875,0.03000000000000025,0.010000000000000675,1.013,0.2557563758552859,0.0,1.03,24.06,25.81,24.94,2.9613597222222223,9977.0,4.2124999999999995,0.0,4
Load_5.csv,charge,6313,11809.0,1.0,2.0,2.0,0.3353317555989474,0,0,3.3200000000000003,4.192500000000001,0.10000000000000053,0.020000000000000018,1.015,0.32153077476194203,0.039,1.026,24.62,26.62,25.69,2.742679583333333,10893.0,4.18,0.041,5
Load_6.csv,charge,6098,11413.0,1.0,2.0,2.0,0.33419643134771587,0,0,3.2624999999999997,4.2475000000000005,0.03000000000000025,0.020000000000000018,1.017,0.2544494640923277,0.0,1.032,24.75,26.62,25.94,2.8827211111111106,9796.0,4.180000000000001,0.0,6
Load_7.csv,charge,6189,11583.0,1.0,2.0,2.0,0.3342581561239545,0,0,3.1550000000000002,4.2425,0.040000000000000036,0.020000000000000462,1.015,0.1941654677365888,0.155,1.028,24.37,26.31,25.5,3.0220040277777773,9876.0,4.18,0.155,7
Load_8.csv,charge,5869,10984.0,1.0,2.0,2.0,0.33425974923248347,0,0,3.22,4.227500000000001,0.03000000000000025,0.020000000000000018,1.041,0.22209806580971164,0.114,1.056,24.44,26.37,25.56,2.885446805555555,9715.0,4.180000000000001,0.114,8
Load_9.csv,charge,6175,11557.0,1.0,2.0,2.0,0.33422105557173476,0,0,3.1224999999999996,4.202500000000001,0.03000000000000025,0.020000000000000018,1.006,0.21491731950560714,0.142,1.021,24.44,26.5,25.5,2.9191933333333338,10691.0,4.18,0.142,9
Load_10.csv,charge,6052,11327.0,1.0,2.0,2.0,0.3341766428409386,0,0,3.1525000000000003,4.23,0.03000000000000025,0.020000000000000018,1.023,0.20820886642127118,0.131,1.036,24.62,26.37,25.5,2.9621827777777776,10065.0,4.18,0.135,10
Load_11.csv,charge,4061,7600.0,1.0,2.0,2.0,0.3341775488895888,0,0,3.2475,4.1925,0.040000000000000036,0.020000000000000018,1.593,0.709037218173701,0.139,2.019,23.75,28.31,26.19,2.8006544444444446,6728.0,4.18,0.139,11
Load_12.csv,charge,3421,6403.0,1.0,2.0,2.0,0.33384220416830257,0,0,3.245,4.202500000000001,0.040000000000000036,0.020000000000000018,1.996,0.5795602329593056,0.354,2.01,25.12,28.75,27.0,2.74825,5804.0,4.18,0.356,12
Load_13.csv,charge,3285,6148.0,1.0,2.0,2.0,0.33397042063730487,0,0,3.4625000000000004,4.195,0.040000000000000036,0.020000000000000018,2.016,0.5733910866553922,0.403,2.034,25.25,29.0,27.37,2.6667404166666664,5738.0,4.18,0.403,13
Load_14.csv,charge,3339,6249.0,1.0,2.0,2.0,0.3340017235348875,0,0,3.45,4.1975,0.040000000000000036,0.019999999999999574,1.999,0.5842344453107405,0.387,2.013,25.87,29.12,27.44,2.649598611111111,5671.0,4.180000000000001,0.501,14
Load_15.csv,charge,3503,6556.0,1.0,2.0,2.0,0.33400839427912776,0,0,3.395,4.1975,0.07000000000000028,0.020000000000000462,2.0,0.6015312355395733,0.432,2.012,24.44,28.69,26.62,2.734881111111111,5711.0,4.18,0.531,15
Load_16.csv,charge,3449,6455.0,1.0,2.0,2.0,0.3339786859489085,0,0,3.29,4.1825,0.040000000000000036,0.020000000000000018,2.0,0.5844813281073066,0.405,2.016,25.31,29.19,27.19,2.7455127777777775,6210.0,4.180000000000001,0.46,16
Load_17.csv,charge,3557,6657.0,1.0,2.0,2.0,0.33403719577570445,0,0,3.3175,4.2,0.11000000000000032,0.020000000000000462,2.012,0.591838367845267,0.401,2.022,24.75,29.06,27.06,2.8626568055555555,5770.0,4.18,0.401,17
Load_18.csv,charge,3528,6603.0,1.0,2.0,2.0,0.33394579313764033,0,0,3.2624999999999997,4.197500000000001,0.050000000000000266,0.020000000000000018,2.01,0.6297471667361341,0.275,2.034,25.31,29.19,27.25,2.7243338888888893,6133.0,4.18,0.326,18
Load_19.csv,charge,3273,6125.0,1.0,2.0,2.0,0.33415241353080666,0,0,3.3425,4.1925,0.03000000000000025,0.020000000000000018,2.006,0.5765454840992779,0.396,2.022,25.25,28.69,27.06,2.6454408333333332,5717.0,4.180000000000001,0.396,19
Load_20.csv,charge,3374,6315.0,1.0,2.0,2.0,0.33384404058002703,0,0,3.3874999999999997,4.1825,0.03000000000000025,0.020000000000000018,2.015,0.6095706857331926,0.419,2.04,25.06,28.94,27.19,2.6362386111111107,6262.0,4.180000000000001,0.419,20
Load_21.csv,charge,3368,6304.0,1.0,2.0,2.0,0.33376676136246786,0,0,3.3025,4.1875,0.040000000000000036,0.020000000000000462,2.02,0.576518456384736,0.47,2.036,23.31,28.56,26.87,2.7412269444444446,6143.0,4.18,0.472,21
Load_22.csv,charge,2431,4550.0,1.0,2.0,2.0,0.33361264525944434,0,0,3.39,4.165,0.06000000000000005,0.020000000000000018,2.12,0.9524269618122896,0.667,3.065,25.69,32.06,29.5,2.557234722222222,4528.0,4.165,0.675,22
Load_23.csv,charge,2806,5252.0,1.0,2.0,2.0,0.3336765084102137,0,0,3.3850000000000002,4.1875,0.040000000000000036,0.010000000000000675,1.652,1.036799903172057,0.377,3.059,23.69,31.0,28.0,2.6672719444444444,4960.0,4.18,0.385,23
Load_24.csv,charge,2447,4580.0,1.0,2.0,2.0,0.33359386251235434,0,0,3.2825,4.1850000000000005,0.050000000000000266,0.020000000000000018,2.221,0.9513008587930315,0.677,3.055,25.0,32.06,29.5,2.6069358333333335,4352.0,4.18,0.681,24
Load_25.csv,charge,2470,4623.0,1.0,2.0,2.0,0.3336238090220135,0,0,3.255,4.1625,0.04999999999999982,0.020000000000000018,2.161,0.9515538924054405,0.669,3.049,26.25,32.13,29.44,2.5961233333333333,4462.0,4.1625,0.669,25
Load_26.csv,charge,2337,4374.0,1.0,2.0,2.0,0.3336087119754947,0,0,3.385,4.165,0.03000000000000025,0.019999999999999574,2.148,0.9537828955496529,0.667,3.057,26.81,32.56,29.81,2.4540359722222225,4371.0,4.165,0.667,26
Load_27.csv,charge,2523,4721.0,1.0,2.0,2.0,0.3341710271802664,0,0,3.4225,4.17,0.08000000000000007,0.029999999999999805,2.11,0.8923756197924237,0.83,3.057,22.25,30.81,28.19,2.715487638888889,4719.0,4.17,0.854,27
Load_28.csv,charge,2370,4436.0,1.0,2.0,2.0,0.3335098377267593,0,0,3.49,4.18,0.040000000000000036,0.020000000000000018,2.286,0.9435685026413133,0.665,3.053,23.94,31.12,28.69,2.560283194444444,4393.0,4.18,0.667,28
Load_29.csv,charge,2423,4535.0,1.0,2.0,2.0,0.33362212896949134,0,0,3.3475,4.16,0.040000000000000036,0.019999999999999574,2.079,0.9669094088798796,0.641,3.061,26.5,31.25,29.37,2.514995,4486.0,4.16,0.643,29
Load_30.csv,charge,2427,4542.0,1.0,2.0,2.0,0.3338473106497586,0,0,3.3850000000000002,4.1675,0.040000000000000036,0.019999999999999574,2.063,0.9643190174279276,0.615,3.047,25.69,29.75,27.81,2.4909959722222226,4491.0,4.1675,0.617,30
