epoch,train_loss,val_mae,val_rmse
1,1784.1498473045856,51.225560726952466,58.41909903261729
2,1562.1442811372326,48.01297506435292,54.55735356451004
3,1352.0362984973478,44.17901849628732,50.540043204518724
4,1140.4208976046693,39.36518776798209,46.28370502982293
5,944.9266084070124,34.525130548276884,42.10774849021281
6,776.3933012019064,30.256005299151006,38.20153463786888
7,635.6248759953417,26.63412335404155,34.60239128134695
8,518.1391478992157,23.384006939186996,31.256839031203626
9,419.3456453176099,20.465670261283265,28.120635802866932
10,336.3625336772546,17.923777020269615,25.163309975642246
11,266.1935600487744,15.646405575145105,22.337169599689958
12,206.85142682324658,13.610327557027473,19.643092435336545
13,157.55739607350233,11.829280895185603,17.10296401182185
14,117.42015829276023,10.233303041969364,14.708873958176254
15,85.08731238070942,8.768953438536172,12.455812037987036
16,59.75709000629501,7.421876406735994,10.36207585943329
17,40.58411465538231,6.198015117161613,8.450696820847591
18,26.459787284609202,5.101230934170155,6.738451655467332
19,16.577980125388606,4.149163214134717,5.271175306912624
20,10.25717249416676,3.3758263715978676,4.1072159889044135
21,6.537881527383886,2.7825455587888053,3.3368012689871884
22,4.678249406941647,2.3934843974690234,2.949145263310903
23,3.777060393475011,2.213756139203724,2.823078298397456
24,3.4023619298579315,2.1444521701878587,2.7832554800909652
25,3.265013874305159,2.1065917254455915,2.7339069357509804
26,3.1747213754739314,2.0745155307935725,2.6792043098252245
27,3.08410340206051,2.0392363309228467,2.615596746708299
28,2.9967507070780397,2.000587923840637,2.554681079385111
29,2.928912479460807,1.961580399940985,2.505277205128875
30,2.877292358703144,1.924920864961069,2.4649755556452186
31,2.831568776642954,1.8889869955668386,2.428297621713198
32,2.7837619493433774,1.8533609229357675,2.391538682959987
33,2.7279854661040437,1.8172080002332966,2.3528984623716744
34,2.662343661327966,1.783138603947427,2.3129184655223805
35,2.589427609220743,1.752972394741077,2.273871975268419
36,2.5144252050959994,1.7279347665861342,2.2377960353160073
37,2.438990127075754,1.7083686993262186,2.2058006470803226
38,2.367749519553081,1.6954514023808644,2.180275717423827
39,2.3097318596812113,1.6877136700352071,2.1630140428113966
40,2.27015355571694,1.6823576816177612,2.1529286207341656
41,2.2446120594394454,1.6778272007342465,2.1470559516828667
42,2.226594440339678,1.6736604353037976,2.142889883010526
43,2.212609921589159,1.669535471446154,2.1390615725427446
44,2.2010346652399932,1.666110766534078,2.1357180594290277
45,2.191085348081965,1.663577556028516,2.1330452409720726
46,2.1823232055541895,1.6620358080066306,2.1311861510645294
47,2.174457449105076,1.6615281241493558,2.1302635492777395
48,2.167231059610209,1.6621207155882098,2.130402514880796
49,2.160439700899668,1.6638819506646645,2.131769927267532
50,2.153961431170186,1.6666209521576627,2.1342969893734605
51,2.147773854200927,1.670011566845267,2.137641195439003
52,2.1419645296558953,1.673444864152861,2.1411428979566676
53,2.136608207754244,1.676424213407802,2.144166456228589
54,2.131732249002596,1.6787822415829383,2.1465675342372745
55,2.127271930759734,1.680561378748056,2.1483930728041667
56,2.1231389775507328,1.6818655243341143,2.1497762003250718
57,2.1191908044757324,1.6828039971405933,2.1507907273551963
58,2.1152194078396547,1.6834229592415781,2.151496729333541
59,2.11098540922313,1.6839336104948626,2.1520508895417567
60,2.1064460204170525,1.6847518468230769,2.152775497250909
61,2.1019005675648854,1.6860041259833485,2.1538310574468063
62,2.0976829057257316,1.687557717524043,2.155162462943353
